"Program","Year","Period","Week Ending","Geo Level","State","State ANSI","Ag District","Ag District Code","County","County ANSI","Zip Code","Region","watershed_code","Watershed","Commodity","Data Item","Domain","Domain Category","Value","CV (%)"
"CENSUS","2021","YEAR","","STATE","MASSACHUSETTS","25","","","","","","","00000000","","CRANBERRIES","CRANBERRIES, ORGANIC - ACRES HARVESTED","ORGANIC STATUS","ORGANIC STATUS: (NOP USDA CERTIFIED)","337","79.5"
"CENSUS","2021","YEAR","","STATE","MASSACHUSETTS","25","","","","","","","00000000","","CRANBERRIES","CRANBERRIES, ORGANIC - OPERATIONS WITH AREA HARVESTED","ORGANIC STATUS","ORGANIC STATUS: (NOP USDA CERTIFIED)","11","44.5"
"CENSUS","2021","YEAR","","STATE","MASSACHUSETTS","25","","","","","","","00000000","","CRANBERRIES","CRANBERRIES, ORGANIC - OPERATIONS WITH SALES","ORGANIC STATUS","ORGANIC STATUS: (NOP USDA CERTIFIED)","11","44.5"
"CENSUS","2021","YEAR","","STATE","MASSACHUSETTS","25","","","","","","","00000000","","CRANBERRIES","CRANBERRIES, ORGANIC - PRODUCTION, MEASURED IN BARRELS","ORGANIC STATUS","ORGANIC STATUS: (NOP USDA CERTIFIED)","11,479","80.4"
"CENSUS","2021","YEAR","","STATE","MASSACHUSETTS","25","","","","","","","00000000","","CRANBERRIES","CRANBERRIES, ORGANIC - SALES, MEASURED IN $","ORGANIC STATUS","ORGANIC STATUS: (NOP USDA CERTIFIED)","1,221,504","59.0"
"CENSUS","2021","YEAR","","STATE","MASSACHUSETTS","25","","","","","","","00000000","","CRANBERRIES","CRANBERRIES, ORGANIC - SALES, MEASURED IN BARRELS","ORGANIC STATUS","ORGANIC STATUS: (NOP USDA CERTIFIED)","11,479","80.4"
"CENSUS","2021","YEAR","","STATE","MASSACHUSETTS","25","","","","","","","00000000","","CRANBERRIES","CRANBERRIES, ORGANIC, FRESH MARKET - OPERATIONS WITH SALES","ORGANIC STATUS","ORGANIC STATUS: (NOP USDA CERTIFIED)","5","52.8"
"CENSUS","2021","YEAR","","STATE","MASSACHUSETTS","25","","","","","","","00000000","","CRANBERRIES","CRANBERRIES, ORGANIC, FRESH MARKET - SALES, MEASURED IN $","ORGANIC STATUS","ORGANIC STATUS: (NOP USDA CERTIFIED)"," (D)","(D)"
"CENSUS","2021","YEAR","","STATE","MASSACHUSETTS","25","","","","","","","00000000","","CRANBERRIES","CRANBERRIES, ORGANIC, FRESH MARKET - SALES, MEASURED IN LB","ORGANIC STATUS","ORGANIC STATUS: (NOP USDA CERTIFIED)"," (D)","(D)"
"CENSUS","2021","YEAR","","STATE","MASSACHUSETTS","25","","","","","","","00000000","","CRANBERRIES","CRANBERRIES, ORGANIC, PROCESSING - OPERATIONS WITH SALES","ORGANIC STATUS","ORGANIC STATUS: (NOP USDA CERTIFIED)","6","59.0"
"CENSUS","2021","YEAR","","STATE","MASSACHUSETTS","25","","","","","","","00000000","","CRANBERRIES","CRANBERRIES, ORGANIC, PROCESSING - SALES, MEASURED IN $","ORGANIC STATUS","ORGANIC STATUS: (NOP USDA CERTIFIED)"," (D)","(D)"
"CENSUS","2021","YEAR","","STATE","MASSACHUSETTS","25","","","","","","","00000000","","CRANBERRIES","CRANBERRIES, ORGANIC, PROCESSING - SALES, MEASURED IN LB","ORGANIC STATUS","ORGANIC STATUS: (NOP USDA CERTIFIED)"," (D)","(D)"
"CENSUS","2019","YEAR","","STATE","MASSACHUSETTS","25","","","","","","","00000000","","CRANBERRIES","CRANBERRIES, ORGANIC - ACRES HARVESTED","ORGANIC STATUS","ORGANIC STATUS: (NOP USDA CERTIFIED)","559","52.3"
"CENSUS","2019","YEAR","","STATE","MASSACHUSETTS","25","","","","","","","00000000","","CRANBERRIES","CRANBERRIES, ORGANIC - OPERATIONS WITH AREA HARVESTED","ORGANIC STATUS","ORGANIC STATUS: (NOP USDA CERTIFIED)","13","35.8"
"CENSUS","2019","YEAR","","STATE","MASSACHUSETTS","25","","","","","","","00000000","","CRANBERRIES","CRANBERRIES, ORGANIC - OPERATIONS WITH SALES","ORGANIC STATUS","ORGANIC STATUS: (NOP USDA CERTIFIED)","13","35.8"
"CENSUS","2019","YEAR","","STATE","MASSACHUSETTS","25","","","","","","","00000000","","CRANBERRIES","CRANBERRIES, ORGANIC - PRODUCTION, MEASURED IN BARRELS","ORGANIC STATUS","ORGANIC STATUS: (NOP USDA CERTIFIED)","26,830","61.9"
"CENSUS","2019","YEAR","","STATE","MASSACHUSETTS","25","","","","","","","00000000","","CRANBERRIES","CRANBERRIES, ORGANIC - SALES, MEASURED IN $","ORGANIC STATUS","ORGANIC STATUS: (NOP USDA CERTIFIED)","1,986,494","58.2"
"CENSUS","2019","YEAR","","STATE","MASSACHUSETTS","25","","","","","","","00000000","","CRANBERRIES","CRANBERRIES, ORGANIC - SALES, MEASURED IN BARRELS","ORGANIC STATUS","ORGANIC STATUS: (NOP USDA CERTIFIED)","26,830","61.9"
"CENSUS","2019","YEAR","","STATE","MASSACHUSETTS","25","","","","","","","00000000","","CRANBERRIES","CRANBERRIES, ORGANIC, FRESH MARKET - OPERATIONS WITH SALES","ORGANIC STATUS","ORGANIC STATUS: (NOP USDA CERTIFIED)","7","50.9"
"CENSUS","2019","YEAR","","STATE","MASSACHUSETTS","25","","","","","","","00000000","","CRANBERRIES","CRANBERRIES, ORGANIC, FRESH MARKET - SALES, MEASURED IN $","ORGANIC STATUS","ORGANIC STATUS: (NOP USDA CERTIFIED)","393,826","(H)"
"CENSUS","2019","YEAR","","STATE","MASSACHUSETTS","25","","","","","","","00000000","","CRANBERRIES","CRANBERRIES, ORGANIC, FRESH MARKET - SALES, MEASURED IN LB","ORGANIC STATUS","ORGANIC STATUS: (NOP USDA CERTIFIED)","3,638","60.6"
"CENSUS","2019","YEAR","","STATE","MASSACHUSETTS","25","","","","","","","00000000","","CRANBERRIES","CRANBERRIES, ORGANIC, PROCESSING - OPERATIONS WITH SALES","ORGANIC STATUS","ORGANIC STATUS: (NOP USDA CERTIFIED)","9","45.4"
"CENSUS","2019","YEAR","","STATE","MASSACHUSETTS","25","","","","","","","00000000","","CRANBERRIES","CRANBERRIES, ORGANIC, PROCESSING - SALES, MEASURED IN $","ORGANIC STATUS","ORGANIC STATUS: (NOP USDA CERTIFIED)","1,592,668","73.8"
"CENSUS","2019","YEAR","","STATE","MASSACHUSETTS","25","","","","","","","00000000","","CRANBERRIES","CRANBERRIES, ORGANIC, PROCESSING - SALES, MEASURED IN LB","ORGANIC STATUS","ORGANIC STATUS: (NOP USDA CERTIFIED)","23,192","71.2"
"CENSUS","2017","YEAR","","STATE","MASSACHUSETTS","25","","","","","","","00000000","","CRANBERRIES","CRANBERRIES - ACRES BEARING","AREA GROWN","AREA GROWN: (0.1 TO 0.9 ACRES)","1","3.7"
"CENSUS","2017","YEAR","","STATE","MASSACHUSETTS","25","","","","","","","00000000","","CRANBERRIES","CRANBERRIES - ACRES BEARING","AREA GROWN","AREA GROWN: (1.0 TO 4.9 ACRES)","218","36.8"
"CENSUS","2017","YEAR","","STATE","MASSACHUSETTS","25","","","","","","","00000000","","CRANBERRIES","CRANBERRIES - ACRES BEARING","AREA GROWN","AREA GROWN: (100 OR MORE ACRES)","6,310","0.9"
"CENSUS","2017","YEAR","","STATE","MASSACHUSETTS","25","","","","","","","00000000","","CRANBERRIES","CRANBERRIES - ACRES BEARING","AREA GROWN","AREA GROWN: (15.0 TO 24.9 ACRES)","1,015","21.0"
"CENSUS","2017","YEAR","","STATE","MASSACHUSETTS","25","","","","","","","00000000","","CRANBERRIES","CRANBERRIES - ACRES BEARING","AREA GROWN","AREA GROWN: (25.0 TO 49.9 ACRES)","1,709","24.5"
"CENSUS","2017","YEAR","","STATE","MASSACHUSETTS","25","","","","","","","00000000","","CRANBERRIES","CRANBERRIES - ACRES BEARING","AREA GROWN","AREA GROWN: (5.0 TO 14.9 ACRES)","927","17.9"
"CENSUS","2017","YEAR","","STATE","MASSACHUSETTS","25","","","","","","","00000000","","CRANBERRIES","CRANBERRIES - ACRES BEARING","AREA GROWN","AREA GROWN: (50.0 TO 99.9 ACRES)","2,417","19.4"
"CENSUS","2017","YEAR","","STATE","MASSACHUSETTS","25","","","","","","","00000000","","CRANBERRIES","CRANBERRIES - ACRES BEARING","TOTAL","NOT SPECIFIED","12,597","6.9"
"CENSUS","2017","YEAR","","STATE","MASSACHUSETTS","25","","","","","","","00000000","","CRANBERRIES","CRANBERRIES - ACRES GROWN","AREA GROWN","AREA GROWN: (0.1 TO 0.9 ACRES)","1","3.7"
"CENSUS","2017","YEAR","","STATE","MASSACHUSETTS","25","","","","","","","00000000","","CRANBERRIES","CRANBERRIES - ACRES GROWN","AREA GROWN","AREA GROWN: (1.0 TO 4.9 ACRES)","236","35.7"
"CENSUS","2017","YEAR","","STATE","MASSACHUSETTS","25","","","","","","","00000000","","CRANBERRIES","CRANBERRIES - ACRES GROWN","AREA GROWN","AREA GROWN: (100 OR MORE ACRES)","6,674","0.9"
"CENSUS","2017","YEAR","","STATE","MASSACHUSETTS","25","","","","","","","00000000","","CRANBERRIES","CRANBERRIES - ACRES GROWN","AREA GROWN","AREA GROWN: (15.0 TO 24.9 ACRES)","1,064","21.4"
"CENSUS","2017","YEAR","","STATE","MASSACHUSETTS","25","","","","","","","00000000","","CRANBERRIES","CRANBERRIES - ACRES GROWN","AREA GROWN","AREA GROWN: (25.0 TO 49.9 ACRES)","1,824","22.9"
"CENSUS","2017","YEAR","","STATE","MASSACHUSETTS","25","","","","","","","00000000","","CRANBERRIES","CRANBERRIES - ACRES GROWN","AREA GROWN","AREA GROWN: (5.0 TO 14.9 ACRES)","970","18.0"
"CENSUS","2017","YEAR","","STATE","MASSACHUSETTS","25","","","","","","","00000000","","CRANBERRIES","CRANBERRIES - ACRES GROWN","AREA GROWN","AREA GROWN: (50.0 TO 99.9 ACRES)","2,786","21.9"
"CENSUS","2017","YEAR","","STATE","MASSACHUSETTS","25","","","","","","","00000000","","CRANBERRIES","CRANBERRIES - ACRES GROWN","PRODUCERS","PRODUCERS: (GENDER = FEMALE)","4,510","18.4"
"CENSUS","2017","YEAR","","STATE","MASSACHUSETTS","25","","","","","","","00000000","","CRANBERRIES","CRANBERRIES - ACRES GROWN","PRODUCERS","PRODUCERS: (RACE = AMERICAN INDIAN OR ALASKA NATIVE, ALONE OR COMBINED WITH OTHER RACES)"," (D)","(D)"
"CENSUS","2017","YEAR","","STATE","MASSACHUSETTS","25","","","","","","","00000000","","CRANBERRIES","CRANBERRIES - ACRES GROWN","PRODUCERS","PRODUCERS: (RACE = BLACK OR AFRICAN AMERICAN, ALONE OR COMBINED WITH OTHER RACES)"," (D)","(D)"
"CENSUS","2017","YEAR","","STATE","MASSACHUSETTS","25","","","","","","","00000000","","CRANBERRIES","CRANBERRIES - ACRES GROWN","PRODUCERS","PRODUCERS: (RACE = WHITE, ALONE OR COMBINED WITH OTHER RACES)","13,537","7.4"
"CENSUS","2017","YEAR","","STATE","MASSACHUSETTS","25","","","","","","","00000000","","CRANBERRIES","CRANBERRIES - ACRES GROWN","TOTAL","NOT SPECIFIED","13,555","7.4"
"CENSUS","2017","YEAR","","STATE","MASSACHUSETTS","25","","","","","","","00000000","","CRANBERRIES","CRANBERRIES - ACRES NON-BEARING","AREA GROWN","AREA GROWN: (1.0 TO 4.9 ACRES)","18","34.5"
"CENSUS","2017","YEAR","","STATE","MASSACHUSETTS","25","","","","","","","00000000","","CRANBERRIES","CRANBERRIES - ACRES NON-BEARING","AREA GROWN","AREA GROWN: (100 OR MORE ACRES)","365","0.6"
"CENSUS","2017","YEAR","","STATE","MASSACHUSETTS","25","","","","","","","00000000","","CRANBERRIES","CRANBERRIES - ACRES NON-BEARING","AREA GROWN","AREA GROWN: (15.0 TO 24.9 ACRES)","49","53.3"
"CENSUS","2017","YEAR","","STATE","MASSACHUSETTS","25","","","","","","","00000000","","CRANBERRIES","CRANBERRIES - ACRES NON-BEARING","AREA GROWN","AREA GROWN: (25.0 TO 49.9 ACRES)","115","6.3"
"CENSUS","2017","YEAR","","STATE","MASSACHUSETTS","25","","","","","","","00000000","","CRANBERRIES","CRANBERRIES - ACRES NON-BEARING","AREA GROWN","AREA GROWN: (5.0 TO 14.9 ACRES)","43","41.3"
"CENSUS","2017","YEAR","","STATE","MASSACHUSETTS","25","","","","","","","00000000","","CRANBERRIES","CRANBERRIES - ACRES NON-BEARING","AREA GROWN","AREA GROWN: (50.0 TO 99.9 ACRES)","369","63.2"
"CENSUS","2017","YEAR","","STATE","MASSACHUSETTS","25","","","","","","","00000000","","CRANBERRIES","CRANBERRIES - ACRES NON-BEARING","TOTAL","NOT SPECIFIED","959","26.7"
"CENSUS","2017","YEAR","","STATE","MASSACHUSETTS","25","","","","","","","00000000","","CRANBERRIES","CRANBERRIES - OPERATIONS WITH AREA BEARING","AREA GROWN","AREA GROWN: (0.1 TO 0.9 ACRES)","3","3.4"
"CENSUS","2017","YEAR","","STATE","MASSACHUSETTS","25","","","","","","","00000000","","CRANBERRIES","CRANBERRIES - OPERATIONS WITH AREA BEARING","AREA GROWN","AREA GROWN: (1.0 TO 4.9 ACRES)","75","40.0"
"CENSUS","2017","YEAR","","STATE","MASSACHUSETTS","25","","","","","","","00000000","","CRANBERRIES","CRANBERRIES - OPERATIONS WITH AREA BEARING","AREA GROWN","AREA GROWN: (100 OR MORE ACRES)","24","1.2"
"CENSUS","2017","YEAR","","STATE","MASSACHUSETTS","25","","","","","","","00000000","","CRANBERRIES","CRANBERRIES - OPERATIONS WITH AREA BEARING","AREA GROWN","AREA GROWN: (15.0 TO 24.9 ACRES)","56","21.6"
"CENSUS","2017","YEAR","","STATE","MASSACHUSETTS","25","","","","","","","00000000","","CRANBERRIES","CRANBERRIES - OPERATIONS WITH AREA BEARING","AREA GROWN","AREA GROWN: (25.0 TO 49.9 ACRES)","54","27.3"
"CENSUS","2017","YEAR","","STATE","MASSACHUSETTS","25","","","","","","","00000000","","CRANBERRIES","CRANBERRIES - OPERATIONS WITH AREA BEARING","AREA GROWN","AREA GROWN: (5.0 TO 14.9 ACRES)","111","14.0"
"CENSUS","2017","YEAR","","STATE","MASSACHUSETTS","25","","","","","","","00000000","","CRANBERRIES","CRANBERRIES - OPERATIONS WITH AREA BEARING","AREA GROWN","AREA GROWN: (50.0 TO 99.9 ACRES)","38","24.0"
"CENSUS","2017","YEAR","","STATE","MASSACHUSETTS","25","","","","","","","00000000","","CRANBERRIES","CRANBERRIES - OPERATIONS WITH AREA BEARING","TOTAL","NOT SPECIFIED","361","9.7"
"CENSUS","2017","YEAR","","STATE","MASSACHUSETTS","25","","","","","","","00000000","","CRANBERRIES","CRANBERRIES - OPERATIONS WITH AREA GROWN","AREA GROWN","AREA GROWN: (0.1 TO 0.9 ACRES)","3","3.4"
"CENSUS","2017","YEAR","","STATE","MASSACHUSETTS","25","","","","","","","00000000","","CRANBERRIES","CRANBERRIES - OPERATIONS WITH AREA GROWN","AREA GROWN","AREA GROWN: (1.0 TO 4.9 ACRES)","77","39.4"
"CENSUS","2017","YEAR","","STATE","MASSACHUSETTS","25","","","","","","","00000000","","CRANBERRIES","CRANBERRIES - OPERATIONS WITH AREA GROWN","AREA GROWN","AREA GROWN: (100 OR MORE ACRES)","24","1.2"
"CENSUS","2017","YEAR","","STATE","MASSACHUSETTS","25","","","","","","","00000000","","CRANBERRIES","CRANBERRIES - OPERATIONS WITH AREA GROWN","AREA GROWN","AREA GROWN: (15.0 TO 24.9 ACRES)","56","21.6"
"CENSUS","2017","YEAR","","STATE","MASSACHUSETTS","25","","","","","","","00000000","","CRANBERRIES","CRANBERRIES - OPERATIONS WITH AREA GROWN","AREA GROWN","AREA GROWN: (25.0 TO 49.9 ACRES)","54","27.3"
"CENSUS","2017","YEAR","","STATE","MASSACHUSETTS","25","","","","","","","00000000","","CRANBERRIES","CRANBERRIES - OPERATIONS WITH AREA GROWN","AREA GROWN","AREA GROWN: (5.0 TO 14.9 ACRES)","111","14.0"
"CENSUS","2017","YEAR","","STATE","MASSACHUSETTS","25","","","","","","","00000000","","CRANBERRIES","CRANBERRIES - OPERATIONS WITH AREA GROWN","AREA GROWN","AREA GROWN: (50.0 TO 99.9 ACRES)","38","24.0"
"CENSUS","2017","YEAR","","STATE","MASSACHUSETTS","25","","","","","","","00000000","","CRANBERRIES","CRANBERRIES - OPERATIONS WITH AREA GROWN","TOTAL","NOT SPECIFIED","363","9.9"
"CENSUS","2017","YEAR","","STATE","MASSACHUSETTS","25","","","","","","","00000000","","CRANBERRIES","CRANBERRIES - OPERATIONS WITH AREA NON-BEARING","AREA GROWN","AREA GROWN: (1.0 TO 4.9 ACRES)","13","37.2"
"CENSUS","2017","YEAR","","STATE","MASSACHUSETTS","25","","","","","","","00000000","","CRANBERRIES","CRANBERRIES - OPERATIONS WITH AREA NON-BEARING","AREA GROWN","AREA GROWN: (100 OR MORE ACRES)","10","0.8"
"CENSUS","2017","YEAR","","STATE","MASSACHUSETTS","25","","","","","","","00000000","","CRANBERRIES","CRANBERRIES - OPERATIONS WITH AREA NON-BEARING","AREA GROWN","AREA GROWN: (15.0 TO 24.9 ACRES)","11","45.4"
"CENSUS","2017","YEAR","","STATE","MASSACHUSETTS","25","","","","","","","00000000","","CRANBERRIES","CRANBERRIES - OPERATIONS WITH AREA NON-BEARING","AREA GROWN","AREA GROWN: (25.0 TO 49.9 ACRES)","11","18.4"
"CENSUS","2017","YEAR","","STATE","MASSACHUSETTS","25","","","","","","","00000000","","CRANBERRIES","CRANBERRIES - OPERATIONS WITH AREA NON-BEARING","AREA GROWN","AREA GROWN: (5.0 TO 14.9 ACRES)","15","25.2"
"CENSUS","2017","YEAR","","STATE","MASSACHUSETTS","25","","","","","","","00000000","","CRANBERRIES","CRANBERRIES - OPERATIONS WITH AREA NON-BEARING","AREA GROWN","AREA GROWN: (50.0 TO 99.9 ACRES)","12","64.9"
"CENSUS","2017","YEAR","","STATE","MASSACHUSETTS","25","","","","","","","00000000","","CRANBERRIES","CRANBERRIES - OPERATIONS WITH AREA NON-BEARING","TOTAL","NOT SPECIFIED","72","17.9"
"CENSUS","2016","YEAR","","STATE","MASSACHUSETTS","25","","","","","","","00000000","","CRANBERRIES","CRANBERRIES, ORGANIC - ACRES HARVESTED","ORGANIC STATUS","ORGANIC STATUS: (NOP USDA CERTIFIED)","121","38.1"
"CENSUS","2016","YEAR","","STATE","MASSACHUSETTS","25","","","","","","","00000000","","CRANBERRIES","CRANBERRIES, ORGANIC - OPERATIONS WITH AREA HARVESTED","ORGANIC STATUS","ORGANIC STATUS: (NOP USDA CERTIFIED)","11","21"
"CENSUS","2016","YEAR","","STATE","MASSACHUSETTS","25","","","","","","","00000000","","CRANBERRIES","CRANBERRIES, ORGANIC - OPERATIONS WITH SALES","ORGANIC STATUS","ORGANIC STATUS: (NOP USDA CERTIFIED)","11","21"
"CENSUS","2016","YEAR","","STATE","MASSACHUSETTS","25","","","","","","","00000000","","CRANBERRIES","CRANBERRIES, ORGANIC - PRODUCTION, MEASURED IN BARRELS","ORGANIC STATUS","ORGANIC STATUS: (NOP USDA CERTIFIED)","8,214","26.3"
"CENSUS","2016","YEAR","","STATE","MASSACHUSETTS","25","","","","","","","00000000","","CRANBERRIES","CRANBERRIES, ORGANIC - SALES, MEASURED IN $","ORGANIC STATUS","ORGANIC STATUS: (NOP USDA CERTIFIED)","425,876","25.7"
"CENSUS","2016","YEAR","","STATE","MASSACHUSETTS","25","","","","","","","00000000","","CRANBERRIES","CRANBERRIES, ORGANIC - SALES, MEASURED IN BARRELS","ORGANIC STATUS","ORGANIC STATUS: (NOP USDA CERTIFIED)","8,214","26.3"
"CENSUS","2016","YEAR","","STATE","MASSACHUSETTS","25","","","","","","","00000000","","CRANBERRIES","CRANBERRIES, ORGANIC, FRESH MARKET - OPERATIONS WITH SALES","ORGANIC STATUS","ORGANIC STATUS: (NOP USDA CERTIFIED)","5","27.1"
"CENSUS","2016","YEAR","","STATE","MASSACHUSETTS","25","","","","","","","00000000","","CRANBERRIES","CRANBERRIES, ORGANIC, FRESH MARKET - SALES, MEASURED IN $","ORGANIC STATUS","ORGANIC STATUS: (NOP USDA CERTIFIED)","18,999","39"
"CENSUS","2016","YEAR","","STATE","MASSACHUSETTS","25","","","","","","","00000000","","CRANBERRIES","CRANBERRIES, ORGANIC, FRESH MARKET - SALES, MEASURED IN LB","ORGANIC STATUS","ORGANIC STATUS: (NOP USDA CERTIFIED)","5,959","38.8"
"CENSUS","2016","YEAR","","STATE","MASSACHUSETTS","25","","","","","","","00000000","","CRANBERRIES","CRANBERRIES, ORGANIC, PROCESSING - OPERATIONS WITH SALES","ORGANIC STATUS","ORGANIC STATUS: (NOP USDA CERTIFIED)","10","19.8"
"CENSUS","2016","YEAR","","STATE","MASSACHUSETTS","25","","","","","","","00000000","","CRANBERRIES","CRANBERRIES, ORGANIC, PROCESSING - SALES, MEASURED IN $","ORGANIC STATUS","ORGANIC STATUS: (NOP USDA CERTIFIED)","406,877","26.2"
"CENSUS","2016","YEAR","","STATE","MASSACHUSETTS","25","","","","","","","00000000","","CRANBERRIES","CRANBERRIES, ORGANIC, PROCESSING - SALES, MEASURED IN LB","ORGANIC STATUS","ORGANIC STATUS: (NOP USDA CERTIFIED)","815,464","26.5"
"CENSUS","2015","YEAR","","STATE","MASSACHUSETTS","25","","","","","","","00000000","","CRANBERRIES","CRANBERRIES, ORGANIC - ACRES HARVESTED","ORGANIC STATUS","ORGANIC STATUS: (NOP USDA CERTIFIED)","98","59.4"
"CENSUS","2015","YEAR","","STATE","MASSACHUSETTS","25","","","","","","","00000000","","CRANBERRIES","CRANBERRIES, ORGANIC - OPERATIONS WITH AREA HARVESTED","ORGANIC STATUS","ORGANIC STATUS: (NOP USDA CERTIFIED)","11","42.9"
"CENSUS","2015","YEAR","","STATE","MASSACHUSETTS","25","","","","","","","00000000","","CRANBERRIES","CRANBERRIES, ORGANIC - OPERATIONS WITH SALES","ORGANIC STATUS","ORGANIC STATUS: (NOP USDA CERTIFIED)","11","42.9"
"CENSUS","2015","YEAR","","STATE","MASSACHUSETTS","25","","","","","","","00000000","","CRANBERRIES","CRANBERRIES, ORGANIC - PRODUCTION, MEASURED IN BARRELS","ORGANIC STATUS","ORGANIC STATUS: (NOP USDA CERTIFIED)","3,204","63.8"
"CENSUS","2015","YEAR","","STATE","MASSACHUSETTS","25","","","","","","","00000000","","CRANBERRIES","CRANBERRIES, ORGANIC - SALES, MEASURED IN $","ORGANIC STATUS","ORGANIC STATUS: (NOP USDA CERTIFIED)","419,140","81.1"
"CENSUS","2015","YEAR","","STATE","MASSACHUSETTS","25","","","","","","","00000000","","CRANBERRIES","CRANBERRIES, ORGANIC - SALES, MEASURED IN BARRELS","ORGANIC STATUS","ORGANIC STATUS: (NOP USDA CERTIFIED)","1,892","82.7"
"CENSUS","2014","YEAR","","STATE","MASSACHUSETTS","25","","","","","","","00000000","","CRANBERRIES","CRANBERRIES, ORGANIC - ACRES HARVESTED","ORGANIC STATUS","ORGANIC STATUS: (NOP USDA CERTIFIED & EXEMPT)","87","38.1"
"CENSUS","2014","YEAR","","STATE","MASSACHUSETTS","25","","","","","","","00000000","","CRANBERRIES","CRANBERRIES, ORGANIC - ACRES HARVESTED","ORGANIC STATUS","ORGANIC STATUS: (NOP USDA CERTIFIED)","87","38.1"
"CENSUS","2014","YEAR","","STATE","MASSACHUSETTS","25","","","","","","","00000000","","CRANBERRIES","CRANBERRIES, ORGANIC - OPERATIONS WITH AREA HARVESTED","ORGANIC STATUS","ORGANIC STATUS: (NOP USDA CERTIFIED & EXEMPT)","11","22.8"
"CENSUS","2014","YEAR","","STATE","MASSACHUSETTS","25","","","","","","","00000000","","CRANBERRIES","CRANBERRIES, ORGANIC - OPERATIONS WITH AREA HARVESTED","ORGANIC STATUS","ORGANIC STATUS: (NOP USDA CERTIFIED)","11","22.8"
"CENSUS","2014","YEAR","","STATE","MASSACHUSETTS","25","","","","","","","00000000","","CRANBERRIES","CRANBERRIES, ORGANIC - OPERATIONS WITH SALES","ORGANIC STATUS","ORGANIC STATUS: (NOP USDA CERTIFIED & EXEMPT)","11","30.9"
"CENSUS","2014","YEAR","","STATE","MASSACHUSETTS","25","","","","","","","00000000","","CRANBERRIES","CRANBERRIES, ORGANIC - OPERATIONS WITH SALES","ORGANIC STATUS","ORGANIC STATUS: (NOP USDA CERTIFIED)","11","30.9"
"CENSUS","2014","YEAR","","STATE","MASSACHUSETTS","25","","","","","","","00000000","","CRANBERRIES","CRANBERRIES, ORGANIC - OPERATIONS WITH SALES IN CONVENTIONAL MARKETS","ORGANIC STATUS","ORGANIC STATUS: (NOP USDA CERTIFIED & EXEMPT)","1","(H)"
"CENSUS","2014","YEAR","","STATE","MASSACHUSETTS","25","","","","","","","00000000","","CRANBERRIES","CRANBERRIES, ORGANIC - OPERATIONS WITH SALES IN CONVENTIONAL MARKETS","ORGANIC STATUS","ORGANIC STATUS: (NOP USDA CERTIFIED)","1","(H)"
"CENSUS","2014","YEAR","","STATE","MASSACHUSETTS","25","","","","","","","00000000","","CRANBERRIES","CRANBERRIES, ORGANIC - OPERATIONS WITH SALES IN ORGANIC MARKETS","ORGANIC STATUS","ORGANIC STATUS: (NOP USDA CERTIFIED & EXEMPT)","11","30.9"
"CENSUS","2014","YEAR","","STATE","MASSACHUSETTS","25","","","","","","","00000000","","CRANBERRIES","CRANBERRIES, ORGANIC - OPERATIONS WITH SALES IN ORGANIC MARKETS","ORGANIC STATUS","ORGANIC STATUS: (NOP USDA CERTIFIED)","11","30.9"
"CENSUS","2014","YEAR","","STATE","MASSACHUSETTS","25","","","","","","","00000000","","CRANBERRIES","CRANBERRIES, ORGANIC - PRODUCTION, MEASURED IN BARRELS","ORGANIC STATUS","ORGANIC STATUS: (NOP USDA CERTIFIED & EXEMPT)","6,641","49.8"
"CENSUS","2014","YEAR","","STATE","MASSACHUSETTS","25","","","","","","","00000000","","CRANBERRIES","CRANBERRIES, ORGANIC - PRODUCTION, MEASURED IN BARRELS","ORGANIC STATUS","ORGANIC STATUS: (NOP USDA CERTIFIED)","6,641","49.8"
"CENSUS","2014","YEAR","","STATE","MASSACHUSETTS","25","","","","","","","00000000","","CRANBERRIES","CRANBERRIES, ORGANIC - SALES IN CONVENTIONAL MARKETS, MEASURED IN $","ORGANIC STATUS","ORGANIC STATUS: (NOP USDA CERTIFIED & EXEMPT)"," (D)","(D)"
"CENSUS","2014","YEAR","","STATE","MASSACHUSETTS","25","","","","","","","00000000","","CRANBERRIES","CRANBERRIES, ORGANIC - SALES IN CONVENTIONAL MARKETS, MEASURED IN $","ORGANIC STATUS","ORGANIC STATUS: (NOP USDA CERTIFIED)"," (D)","(D)"
"CENSUS","2014","YEAR","","STATE","MASSACHUSETTS","25","","","","","","","00000000","","CRANBERRIES","CRANBERRIES, ORGANIC - SALES IN CONVENTIONAL MARKETS, MEASURED IN BARRELS","ORGANIC STATUS","ORGANIC STATUS: (NOP USDA CERTIFIED & EXEMPT)"," (D)","(D)"
"CENSUS","2014","YEAR","","STATE","MASSACHUSETTS","25","","","","","","","00000000","","CRANBERRIES","CRANBERRIES, ORGANIC - SALES IN CONVENTIONAL MARKETS, MEASURED IN BARRELS","ORGANIC STATUS","ORGANIC STATUS: (NOP USDA CERTIFIED)"," (D)","(D)"
"CENSUS","2014","YEAR","","STATE","MASSACHUSETTS","25","","","","","","","00000000","","CRANBERRIES","CRANBERRIES, ORGANIC - SALES IN ORGANIC MARKETS, MEASURED IN $","ORGANIC STATUS","ORGANIC STATUS: (NOP USDA CERTIFIED & EXEMPT)"," (D)","(D)"
"CENSUS","2014","YEAR","","STATE","MASSACHUSETTS","25","","","","","","","00000000","","CRANBERRIES","CRANBERRIES, ORGANIC - SALES IN ORGANIC MARKETS, MEASURED IN $","ORGANIC STATUS","ORGANIC STATUS: (NOP USDA CERTIFIED)"," (D)","(D)"
"CENSUS","2014","YEAR","","STATE","MASSACHUSETTS","25","","","","","","","00000000","","CRANBERRIES","CRANBERRIES, ORGANIC - SALES IN ORGANIC MARKETS, MEASURED IN BARRELS","ORGANIC STATUS","ORGANIC STATUS: (NOP USDA CERTIFIED & EXEMPT)"," (D)","(D)"
"CENSUS","2014","YEAR","","STATE","MASSACHUSETTS","25","","","","","","","00000000","","CRANBERRIES","CRANBERRIES, ORGANIC - SALES IN ORGANIC MARKETS, MEASURED IN BARRELS","ORGANIC STATUS","ORGANIC STATUS: (NOP USDA CERTIFIED)"," (D)","(D)"
"CENSUS","2014","YEAR","","STATE","MASSACHUSETTS","25","","","","","","","00000000","","CRANBERRIES","CRANBERRIES, ORGANIC - SALES, MEASURED IN $","ORGANIC STATUS","ORGANIC STATUS: (NOP USDA CERTIFIED & EXEMPT)"," (D)","(D)"
"CENSUS","2014","YEAR","","STATE","MASSACHUSETTS","25","","","","","","","00000000","","CRANBERRIES","CRANBERRIES, ORGANIC - SALES, MEASURED IN $","ORGANIC STATUS","ORGANIC STATUS: (NOP USDA CERTIFIED)"," (D)","(D)"
"CENSUS","2014","YEAR","","STATE","MASSACHUSETTS","25","","","","","","","00000000","","CRANBERRIES","CRANBERRIES, ORGANIC - SALES, MEASURED IN BARRELS","ORGANIC STATUS","ORGANIC STATUS: (NOP USDA CERTIFIED & EXEMPT)"," (D)","(D)"
"CENSUS","2014","YEAR","","STATE","MASSACHUSETTS","25","","","","","","","00000000","","CRANBERRIES","CRANBERRIES, ORGANIC - SALES, MEASURED IN BARRELS","ORGANIC STATUS","ORGANIC STATUS: (NOP USDA CERTIFIED)"," (D)","(D)"
"CENSUS","2012","YEAR","","STATE","MASSACHUSETTS","25","","","","","","","00000000","","CRANBERRIES","CRANBERRIES - ACRES GROWN","OPERATORS","OPERATORS: (ETHNICITY = HISPANIC)"," (D)","14.4"
"CENSUS","2012","YEAR","","STATE","MASSACHUSETTS","25","","","","","","","00000000","","CRANBERRIES","CRANBERRIES - ACRES GROWN","OPERATORS","OPERATORS: (RACE = ASIAN, ALONE OR COMBINED WITH OTHER RACES)","16","(H)"
"CENSUS","2012","YEAR","","STATE","MASSACHUSETTS","25","","","","","","","00000000","","CRANBERRIES","CRANBERRIES - ACRES GROWN","OPERATORS","OPERATORS: (RACE = BLACK OR AFRICAN AMERICAN, ALONE OR COMBINED WITH OTHER RACES)","72","(H)"
"CENSUS","2012","YEAR","","STATE","MASSACHUSETTS","25","","","","","","","00000000","","CRANBERRIES","CRANBERRIES - ACRES GROWN","OPERATORS","OPERATORS: (RACE = WHITE, ALONE OR COMBINED WITH OTHER RACES)","14,008","6.3"
"CENSUS","2012","YEAR","","STATE","MASSACHUSETTS","25","","","","","","","00000000","","CRANBERRIES","CRANBERRIES - ACRES GROWN","OPERATORS, PRINCIPAL","OPERATORS, PRINCIPAL: (GENDER = FEMALE)","665","38.9"
"CENSUS","2012","YEAR","","STATE","MASSACHUSETTS","25","","","","","","","00000000","","CRANBERRIES","CRANBERRIES - ACRES GROWN","TOTAL","NOT SPECIFIED","14,070","6.3"
"CENSUS","2012","YEAR","","STATE","MASSACHUSETTS","25","","","","","","","00000000","","CRANBERRIES","CRANBERRIES - ACRES HARVESTED","TOTAL","NOT SPECIFIED","13,058","6.4"
"CENSUS","2012","YEAR","","STATE","MASSACHUSETTS","25","","","","","","","00000000","","CRANBERRIES","CRANBERRIES - ACRES NOT HARVESTED","TOTAL","NOT SPECIFIED","1,013","9.3"
"CENSUS","2012","YEAR","","STATE","MASSACHUSETTS","25","","","","","","","00000000","","CRANBERRIES","CRANBERRIES - OPERATIONS WITH AREA GROWN","OPERATORS","OPERATORS: (ETHNICITY = HISPANIC)","15","(D)"
"CENSUS","2012","YEAR","","STATE","MASSACHUSETTS","25","","","","","","","00000000","","CRANBERRIES","CRANBERRIES - OPERATIONS WITH AREA GROWN","OPERATORS","OPERATORS: (RACE = ASIAN, ALONE OR COMBINED WITH OTHER RACES)","4","(H)"
"CENSUS","2012","YEAR","","STATE","MASSACHUSETTS","25","","","","","","","00000000","","CRANBERRIES","CRANBERRIES - OPERATIONS WITH AREA GROWN","OPERATORS","OPERATORS: (RACE = BLACK OR AFRICAN AMERICAN, ALONE OR COMBINED WITH OTHER RACES)","5","(H)"
"CENSUS","2012","YEAR","","STATE","MASSACHUSETTS","25","","","","","","","00000000","","CRANBERRIES","CRANBERRIES - OPERATIONS WITH AREA GROWN","OPERATORS","OPERATORS: (RACE = WHITE, ALONE OR COMBINED WITH OTHER RACES)","411","12.4"
"CENSUS","2012","YEAR","","STATE","MASSACHUSETTS","25","","","","","","","00000000","","CRANBERRIES","CRANBERRIES - OPERATIONS WITH AREA GROWN","OPERATORS, PRINCIPAL","OPERATORS, PRINCIPAL: (GENDER = FEMALE)","36","15.7"
"CENSUS","2012","YEAR","","STATE","MASSACHUSETTS","25","","","","","","","00000000","","CRANBERRIES","CRANBERRIES - OPERATIONS WITH AREA GROWN","TOTAL","NOT SPECIFIED","415","13.4"
"CENSUS","2012","YEAR","","STATE","MASSACHUSETTS","25","","","","","","","00000000","","CRANBERRIES","CRANBERRIES - OPERATIONS WITH AREA HARVESTED","TOTAL","NOT SPECIFIED","391","13.8"
"CENSUS","2012","YEAR","","STATE","MASSACHUSETTS","25","","","","","","","00000000","","CRANBERRIES","CRANBERRIES - OPERATIONS WITH AREA NOT HARVESTED","TOTAL","NOT SPECIFIED","103","12.3"
"CENSUS","2011","YEAR","","STATE","MASSACHUSETTS","25","","","","","","","00000000","","CRANBERRIES","CRANBERRIES, ORGANIC - ACRES HARVESTED","ORGANIC STATUS","ORGANIC STATUS: (NOP USDA CERTIFIED)"," (D)",""
"CENSUS","2011","YEAR","","STATE","MASSACHUSETTS","25","","","","","","","00000000","","CRANBERRIES","CRANBERRIES, ORGANIC - OPERATIONS WITH AREA HARVESTED","ORGANIC STATUS","ORGANIC STATUS: (NOP USDA CERTIFIED)","12",""
"CENSUS","2011","YEAR","","STATE","MASSACHUSETTS","25","","","","","","","00000000","","CRANBERRIES","CRANBERRIES, ORGANIC - OPERATIONS WITH SALES","ORGANIC STATUS","ORGANIC STATUS: (NOP USDA CERTIFIED)","12",""
"CENSUS","2011","YEAR","","STATE","MASSACHUSETTS","25","","","","","","","00000000","","CRANBERRIES","CRANBERRIES, ORGANIC - OPERATIONS WITH SALES IN CONVENTIONAL MARKETS","ORGANIC STATUS","ORGANIC STATUS: (NOP USDA CERTIFIED)","1",""
"CENSUS","2011","YEAR","","STATE","MASSACHUSETTS","25","","","","","","","00000000","","CRANBERRIES","CRANBERRIES, ORGANIC - OPERATIONS WITH SALES IN ORGANIC MARKETS","ORGANIC STATUS","ORGANIC STATUS: (NOP USDA CERTIFIED)","11",""
"CENSUS","2011","YEAR","","STATE","MASSACHUSETTS","25","","","","","","","00000000","","CRANBERRIES","CRANBERRIES, ORGANIC - PRODUCTION, MEASURED IN BARRELS","ORGANIC STATUS","ORGANIC STATUS: (NOP USDA CERTIFIED)","5,836",""
"CENSUS","2011","YEAR","","STATE","MASSACHUSETTS","25","","","","","","","00000000","","CRANBERRIES","CRANBERRIES, ORGANIC - SALES IN CONVENTIONAL MARKETS, MEASURED IN $","ORGANIC STATUS","ORGANIC STATUS: (NOP USDA CERTIFIED)"," (D)",""
"CENSUS","2011","YEAR","","STATE","MASSACHUSETTS","25","","","","","","","00000000","","CRANBERRIES","CRANBERRIES, ORGANIC - SALES IN CONVENTIONAL MARKETS, MEASURED IN BARRELS","ORGANIC STATUS","ORGANIC STATUS: (NOP USDA CERTIFIED)"," (D)",""
"CENSUS","2011","YEAR","","STATE","MASSACHUSETTS","25","","","","","","","00000000","","CRANBERRIES","CRANBERRIES, ORGANIC - SALES IN ORGANIC MARKETS, MEASURED IN $","ORGANIC STATUS","ORGANIC STATUS: (NOP USDA CERTIFIED)"," (D)",""
"CENSUS","2011","YEAR","","STATE","MASSACHUSETTS","25","","","","","","","00000000","","CRANBERRIES","CRANBERRIES, ORGANIC - SALES IN ORGANIC MARKETS, MEASURED IN BARRELS","ORGANIC STATUS","ORGANIC STATUS: (NOP USDA CERTIFIED)"," (D)",""
"CENSUS","2011","YEAR","","STATE","MASSACHUSETTS","25","","","","","","","00000000","","CRANBERRIES","CRANBERRIES, ORGANIC - SALES, MEASURED IN $","ORGANIC STATUS","ORGANIC STATUS: (NOP USDA CERTIFIED)","1,142,979",""
"CENSUS","2011","YEAR","","STATE","MASSACHUSETTS","25","","","","","","","00000000","","CRANBERRIES","CRANBERRIES, ORGANIC - SALES, MEASURED IN BARRELS","ORGANIC STATUS","ORGANIC STATUS: (NOP USDA CERTIFIED)"," (D)",""
"CENSUS","2008","YEAR","","STATE","MASSACHUSETTS","25","","","","","","","00000000","","CRANBERRIES","CRANBERRIES, ORGANIC - ACRES HARVESTED","ORGANIC STATUS","ORGANIC STATUS: (NOP USDA CERTIFIED & EXEMPT)","131",""
"CENSUS","2008","YEAR","","STATE","MASSACHUSETTS","25","","","","","","","00000000","","CRANBERRIES","CRANBERRIES, ORGANIC - ACRES HARVESTED","ORGANIC STATUS","ORGANIC STATUS: (NOP USDA CERTIFIED)","131",""
"CENSUS","2008","YEAR","","STATE","MASSACHUSETTS","25","","","","","","","00000000","","CRANBERRIES","CRANBERRIES, ORGANIC - OPERATIONS WITH AREA HARVESTED","ORGANIC STATUS","ORGANIC STATUS: (NOP USDA CERTIFIED & EXEMPT)","15",""
"CENSUS","2008","YEAR","","STATE","MASSACHUSETTS","25","","","","","","","00000000","","CRANBERRIES","CRANBERRIES, ORGANIC - OPERATIONS WITH AREA HARVESTED","ORGANIC STATUS","ORGANIC STATUS: (NOP USDA CERTIFIED)","15",""
"CENSUS","2008","YEAR","","STATE","MASSACHUSETTS","25","","","","","","","00000000","","CRANBERRIES","CRANBERRIES, ORGANIC - OPERATIONS WITH SALES","ORGANIC STATUS","ORGANIC STATUS: (NOP USDA CERTIFIED & EXEMPT)","15",""
"CENSUS","2008","YEAR","","STATE","MASSACHUSETTS","25","","","","","","","00000000","","CRANBERRIES","CRANBERRIES, ORGANIC - OPERATIONS WITH SALES","ORGANIC STATUS","ORGANIC STATUS: (NOP USDA CERTIFIED)","15",""
"CENSUS","2008","YEAR","","STATE","MASSACHUSETTS","25","","","","","","","00000000","","CRANBERRIES","CRANBERRIES, ORGANIC - PRODUCTION, MEASURED IN BARRELS","ORGANIC STATUS","ORGANIC STATUS: (NOP USDA CERTIFIED & EXEMPT)","7,719",""
"CENSUS","2008","YEAR","","STATE","MASSACHUSETTS","25","","","","","","","00000000","","CRANBERRIES","CRANBERRIES, ORGANIC - PRODUCTION, MEASURED IN BARRELS","ORGANIC STATUS","ORGANIC STATUS: (NOP USDA CERTIFIED)","7,719",""
"CENSUS","2008","YEAR","","STATE","MASSACHUSETTS","25","","","","","","","00000000","","CRANBERRIES","CRANBERRIES, ORGANIC - SALES, MEASURED IN $","ORGANIC STATUS","ORGANIC STATUS: (NOP USDA CERTIFIED & EXEMPT)","987,498",""
"CENSUS","2008","YEAR","","STATE","MASSACHUSETTS","25","","","","","","","00000000","","CRANBERRIES","CRANBERRIES, ORGANIC - SALES, MEASURED IN $","ORGANIC STATUS","ORGANIC STATUS: (NOP USDA CERTIFIED)","987,498",""
"CENSUS","2007","YEAR","","STATE","MASSACHUSETTS","25","","","","","","","00000000","","CRANBERRIES","CRANBERRIES - ACRES GROWN","TOTAL","NOT SPECIFIED","13,368",""
"CENSUS","2007","YEAR","","STATE","MASSACHUSETTS","25","","","","","","","00000000","","CRANBERRIES","CRANBERRIES - ACRES HARVESTED","TOTAL","NOT SPECIFIED","12,521",""
"CENSUS","2007","YEAR","","STATE","MASSACHUSETTS","25","","","","","","","00000000","","CRANBERRIES","CRANBERRIES - ACRES NOT HARVESTED","TOTAL","NOT SPECIFIED","847",""
"CENSUS","2007","YEAR","","STATE","MASSACHUSETTS","25","","","","","","","00000000","","CRANBERRIES","CRANBERRIES - OPERATIONS WITH AREA GROWN","TOTAL","NOT SPECIFIED","469",""
"CENSUS","2007","YEAR","","STATE","MASSACHUSETTS","25","","","","","","","00000000","","CRANBERRIES","CRANBERRIES - OPERATIONS WITH AREA HARVESTED","TOTAL","NOT SPECIFIED","448",""
"CENSUS","2007","YEAR","","STATE","MASSACHUSETTS","25","","","","","","","00000000","","CRANBERRIES","CRANBERRIES - OPERATIONS WITH AREA NOT HARVESTED","TOTAL","NOT SPECIFIED","121",""
"CENSUS","2002","YEAR","","STATE","MASSACHUSETTS","25","","","","","","","00000000","","CRANBERRIES","CRANBERRIES - ACRES HARVESTED","TOTAL","NOT SPECIFIED","14,707",""
"CENSUS","2002","YEAR","","STATE","MASSACHUSETTS","25","","","","","","","00000000","","CRANBERRIES","CRANBERRIES - OPERATIONS WITH AREA HARVESTED","TOTAL","NOT SPECIFIED","482",""
"CENSUS","1997","YEAR","","STATE","MASSACHUSETTS","25","","","","","","","00000000","","CRANBERRIES","CRANBERRIES - ACRES HARVESTED","TOTAL","NOT SPECIFIED","15,405",""
"CENSUS","1997","YEAR","","STATE","MASSACHUSETTS","25","","","","","","","00000000","","CRANBERRIES","CRANBERRIES - OPERATIONS WITH AREA HARVESTED","TOTAL","NOT SPECIFIED","710",""
"SURVEY","2022","YEAR","","STATE","MASSACHUSETTS","25","","","","","","","00000000","","CRANBERRIES","CRANBERRIES - PRODUCTION, MEASURED IN BARRELS","TOTAL","NOT SPECIFIED","2,000,000",""
"SURVEY","2022","YEAR - AUG FORECAST","","STATE","MASSACHUSETTS","25","","","","","","","00000000","","CRANBERRIES","CRANBERRIES - PRODUCTION, MEASURED IN BARRELS","TOTAL","NOT SPECIFIED","2,000,000",""
"SURVEY","2021","MARKETING YEAR","","STATE","MASSACHUSETTS","25","","","","","","","00000000","","CRANBERRIES","CRANBERRIES - PRICE RECEIVED, MEASURED IN $ / BARREL","TOTAL","NOT SPECIFIED","37.7",""
"SURVEY","2021","MARKETING YEAR","","STATE","MASSACHUSETTS","25","","","","","","","00000000","","CRANBERRIES","CRANBERRIES, FRESH MARKET - PRICE RECEIVED, MEASURED IN $ / BARREL","TOTAL","NOT SPECIFIED","47.2",""
"SURVEY","2021","MARKETING YEAR","","STATE","MASSACHUSETTS","25","","","","","","","00000000","","CRANBERRIES","CRANBERRIES, PROCESSING - PRICE RECEIVED, MEASURED IN $ / BARREL","TOTAL","NOT SPECIFIED","37.5",""
"SURVEY","2021","YEAR","","STATE","MASSACHUSETTS","25","","","","","","","00000000","","CRANBERRIES","CRANBERRIES - ACRES HARVESTED","TOTAL","NOT SPECIFIED","12,000",""
"SURVEY","2021","YEAR","","STATE","MASSACHUSETTS","25","","","","","","","00000000","","CRANBERRIES","CRANBERRIES - PRODUCTION, MEASURED IN BARRELS","TOTAL","NOT SPECIFIED","1,800,000",""
"SURVEY","2021","YEAR","","STATE","MASSACHUSETTS","25","","","","","","","00000000","","CRANBERRIES","CRANBERRIES - YIELD, MEASURED IN BARRELS / ACRE","TOTAL","NOT SPECIFIED","150.2",""
"SURVEY","2021","YEAR","","STATE","MASSACHUSETTS","25","","","","","","","00000000","","CRANBERRIES","CRANBERRIES, FRESH MARKET - PRODUCTION, MEASURED IN $","TOTAL","NOT SPECIFIED","1,699,000",""
"SURVEY","2021","YEAR","","STATE","MASSACHUSETTS","25","","","","","","","00000000","","CRANBERRIES","CRANBERRIES, FRESH MARKET - PRODUCTION, MEASURED IN BARRELS","TOTAL","NOT SPECIFIED","36,000",""
"SURVEY","2021","YEAR","","STATE","MASSACHUSETTS","25","","","","","","","00000000","","CRANBERRIES","CRANBERRIES, NOT SOLD - PRODUCTION, MEASURED IN BARRELS","TOTAL","NOT SPECIFIED","57,600",""
"SURVEY","2021","YEAR","","STATE","MASSACHUSETTS","25","","","","","","","00000000","","CRANBERRIES","CRANBERRIES, PROCESSING - PRODUCTION, MEASURED IN $","TOTAL","NOT SPECIFIED","63,990,000",""
"SURVEY","2021","YEAR","","STATE","MASSACHUSETTS","25","","","","","","","00000000","","CRANBERRIES","CRANBERRIES, PROCESSING - PRODUCTION, MEASURED IN BARRELS","TOTAL","NOT SPECIFIED","1,706,400",""
"SURVEY","2021","YEAR","","STATE","MASSACHUSETTS","25","","","","","","","00000000","","CRANBERRIES","CRANBERRIES, UTILIZED - PRODUCTION, MEASURED IN $","TOTAL","NOT SPECIFIED","65,689,000",""
"SURVEY","2021","YEAR","","STATE","MASSACHUSETTS","25","","","","","","","00000000","","CRANBERRIES","CRANBERRIES, UTILIZED - PRODUCTION, MEASURED IN BARRELS","TOTAL","NOT SPECIFIED","1,742,400",""
"SURVEY","2021","YEAR - AUG FORECAST","","STATE","MASSACHUSETTS","25","","","","","","","00000000","","CRANBERRIES","CRANBERRIES - PRODUCTION, MEASURED IN BARRELS","TOTAL","NOT SPECIFIED","2,100,000",""
"SURVEY","2020","MARKETING YEAR","","STATE","MASSACHUSETTS","25","","","","","","","00000000","","CRANBERRIES","CRANBERRIES - PRICE RECEIVED, MEASURED IN $ / BARREL","TOTAL","NOT SPECIFIED","35.6",""
"SURVEY","2020","MARKETING YEAR","","STATE","MASSACHUSETTS","25","","","","","","","00000000","","CRANBERRIES","CRANBERRIES, FRESH MARKET - PRICE RECEIVED, MEASURED IN $ / BARREL","TOTAL","NOT SPECIFIED","39.2",""
"SURVEY","2020","MARKETING YEAR","","STATE","MASSACHUSETTS","25","","","","","","","00000000","","CRANBERRIES","CRANBERRIES, PROCESSING - PRICE RECEIVED, MEASURED IN $ / BARREL","TOTAL","NOT SPECIFIED","35.5",""
"SURVEY","2020","YEAR","","STATE","MASSACHUSETTS","25","","","","","","","00000000","","CRANBERRIES","CRANBERRIES - ACRES HARVESTED","TOTAL","NOT SPECIFIED","12,700",""
"SURVEY","2020","YEAR","","STATE","MASSACHUSETTS","25","","","","","","","00000000","","CRANBERRIES","CRANBERRIES - PRODUCTION, MEASURED IN BARRELS","TOTAL","NOT SPECIFIED","2,055,000",""
"SURVEY","2020","YEAR","","STATE","MASSACHUSETTS","25","","","","","","","00000000","","CRANBERRIES","CRANBERRIES - YIELD, MEASURED IN BARRELS / ACRE","TOTAL","NOT SPECIFIED","161.8",""
"SURVEY","2020","YEAR","","STATE","MASSACHUSETTS","25","","","","","","","00000000","","CRANBERRIES","CRANBERRIES, FRESH MARKET - PRODUCTION, MEASURED IN $","TOTAL","NOT SPECIFIED","2,739,000",""
"SURVEY","2020","YEAR","","STATE","MASSACHUSETTS","25","","","","","","","00000000","","CRANBERRIES","CRANBERRIES, FRESH MARKET - PRODUCTION, MEASURED IN BARRELS","TOTAL","NOT SPECIFIED","69,870",""
"SURVEY","2020","YEAR","","STATE","MASSACHUSETTS","25","","","","","","","00000000","","CRANBERRIES","CRANBERRIES, NOT SOLD - PRODUCTION, MEASURED IN BARRELS","TOTAL","NOT SPECIFIED","18,530",""
"SURVEY","2020","YEAR","","STATE","MASSACHUSETTS","25","","","","","","","00000000","","CRANBERRIES","CRANBERRIES, PROCESSING - PRODUCTION, MEASURED IN $","TOTAL","NOT SPECIFIED","69,814,000",""
"SURVEY","2020","YEAR","","STATE","MASSACHUSETTS","25","","","","","","","00000000","","CRANBERRIES","CRANBERRIES, PROCESSING - PRODUCTION, MEASURED IN BARRELS","TOTAL","NOT SPECIFIED","1,966,600",""
"SURVEY","2020","YEAR","","STATE","MASSACHUSETTS","25","","","","","","","00000000","","CRANBERRIES","CRANBERRIES, UTILIZED - PRODUCTION, MEASURED IN $","TOTAL","NOT SPECIFIED","72,553,000",""
"SURVEY","2020","YEAR","","STATE","MASSACHUSETTS","25","","","","","","","00000000","","CRANBERRIES","CRANBERRIES, UTILIZED - PRODUCTION, MEASURED IN BARRELS","TOTAL","NOT SPECIFIED","2,036,470",""
"SURVEY","2020","YEAR - AUG FORECAST","","STATE","MASSACHUSETTS","25","","","","","","","00000000","","CRANBERRIES","CRANBERRIES - PRODUCTION, MEASURED IN BARRELS","TOTAL","NOT SPECIFIED","2,400,000",""
"SURVEY","2019","MARKETING YEAR","","STATE","MASSACHUSETTS","25","","","","","","","00000000","","CRANBERRIES","CRANBERRIES - PRICE RECEIVED, MEASURED IN $ / BARREL","TOTAL","NOT SPECIFIED","34.1",""
"SURVEY","2019","MARKETING YEAR","","STATE","MASSACHUSETTS","25","","","","","","","00000000","","CRANBERRIES","CRANBERRIES, FRESH MARKET - PRICE RECEIVED, MEASURED IN $ / BARREL","TOTAL","NOT SPECIFIED","56.3",""
"SURVEY","2019","MARKETING YEAR","","STATE","MASSACHUSETTS","25","","","","","","","00000000","","CRANBERRIES","CRANBERRIES, PROCESSING - PRICE RECEIVED, MEASURED IN $ / BARREL","TOTAL","NOT SPECIFIED","33.1",""
"SURVEY","2019","YEAR","","STATE","MASSACHUSETTS","25","","","","","","","00000000","","CRANBERRIES","CRANBERRIES - ACRES HARVESTED","TOTAL","NOT SPECIFIED","12,300",""
"SURVEY","2019","YEAR","","STATE","MASSACHUSETTS","25","","","","","","","00000000","","CRANBERRIES","CRANBERRIES - PRODUCTION, MEASURED IN BARRELS","TOTAL","NOT SPECIFIED","2,160,000",""
"SURVEY","2019","YEAR","","STATE","MASSACHUSETTS","25","","","","","","","00000000","","CRANBERRIES","CRANBERRIES - YIELD, MEASURED IN BARRELS / ACRE","TOTAL","NOT SPECIFIED","175.6",""
"SURVEY","2019","YEAR","","STATE","MASSACHUSETTS","25","","","","","","","00000000","","CRANBERRIES","CRANBERRIES, FRESH MARKET - PRODUCTION, MEASURED IN $","TOTAL","NOT SPECIFIED","5,351,000",""
"SURVEY","2019","YEAR","","STATE","MASSACHUSETTS","25","","","","","","","00000000","","CRANBERRIES","CRANBERRIES, FRESH MARKET - PRODUCTION, MEASURED IN BARRELS","TOTAL","NOT SPECIFIED","95,040",""
"SURVEY","2019","YEAR","","STATE","MASSACHUSETTS","25","","","","","","","00000000","","CRANBERRIES","CRANBERRIES, NOT SOLD - PRODUCTION, MEASURED IN BARRELS","TOTAL","NOT SPECIFIED","36,760",""
"SURVEY","2019","YEAR","","STATE","MASSACHUSETTS","25","","","","","","","00000000","","CRANBERRIES","CRANBERRIES, PROCESSING - PRODUCTION, MEASURED IN $","TOTAL","NOT SPECIFIED","67,133,000",""
"SURVEY","2019","YEAR","","STATE","MASSACHUSETTS","25","","","","","","","00000000","","CRANBERRIES","CRANBERRIES, PROCESSING - PRODUCTION, MEASURED IN BARRELS","TOTAL","NOT SPECIFIED","2,028,200",""
"SURVEY","2019","YEAR","","STATE","MASSACHUSETTS","25","","","","","","","00000000","","CRANBERRIES","CRANBERRIES, UTILIZED - PRODUCTION, MEASURED IN $","TOTAL","NOT SPECIFIED","72,484,000",""
"SURVEY","2019","YEAR","","STATE","MASSACHUSETTS","25","","","","","","","00000000","","CRANBERRIES","CRANBERRIES, UTILIZED - PRODUCTION, MEASURED IN BARRELS","TOTAL","NOT SPECIFIED","2,123,240",""
"SURVEY","2019","YEAR - AUG FORECAST","","STATE","MASSACHUSETTS","25","","","","","","","00000000","","CRANBERRIES","CRANBERRIES - PRODUCTION, MEASURED IN BARRELS","TOTAL","NOT SPECIFIED","2,300,000",""
"SURVEY","2018","MARKETING YEAR","","STATE","MASSACHUSETTS","25","","","","","","","00000000","","CRANBERRIES","CRANBERRIES - PRICE RECEIVED, MEASURED IN $ / BARREL","TOTAL","NOT SPECIFIED","27.1",""
"SURVEY","2018","MARKETING YEAR","","STATE","MASSACHUSETTS","25","","","","","","","00000000","","CRANBERRIES","CRANBERRIES, FRESH MARKET - PRICE RECEIVED, MEASURED IN $ / BARREL","TOTAL","NOT SPECIFIED","42.8",""
"SURVEY","2018","MARKETING YEAR","","STATE","MASSACHUSETTS","25","","","","","","","00000000","","CRANBERRIES","CRANBERRIES, PROCESSING - PRICE RECEIVED, MEASURED IN $ / BARREL","TOTAL","NOT SPECIFIED","26.7",""
"SURVEY","2018","YEAR","","STATE","MASSACHUSETTS","25","","","","","","","00000000","","CRANBERRIES","CRANBERRIES - ACRES HARVESTED","TOTAL","NOT SPECIFIED","12,700",""
"SURVEY","2018","YEAR","","STATE","MASSACHUSETTS","25","","","","","","","00000000","","CRANBERRIES","CRANBERRIES - PRODUCTION, MEASURED IN BARRELS","TOTAL","NOT SPECIFIED","2,290,000",""
"SURVEY","2018","YEAR","","STATE","MASSACHUSETTS","25","","","","","","","00000000","","CRANBERRIES","CRANBERRIES - YIELD, MEASURED IN BARRELS / ACRE","TOTAL","NOT SPECIFIED","180.4",""
"SURVEY","2018","YEAR","","STATE","MASSACHUSETTS","25","","","","","","","00000000","","CRANBERRIES","CRANBERRIES, FRESH MARKET - PRODUCTION, MEASURED IN $","TOTAL","NOT SPECIFIED","2,646,000",""
"SURVEY","2018","YEAR","","STATE","MASSACHUSETTS","25","","","","","","","00000000","","CRANBERRIES","CRANBERRIES, FRESH MARKET - PRODUCTION, MEASURED IN BARRELS","TOTAL","NOT SPECIFIED","61,830",""
"SURVEY","2018","YEAR","","STATE","MASSACHUSETTS","25","","","","","","","00000000","","CRANBERRIES","CRANBERRIES, NOT SOLD - PRODUCTION, MEASURED IN BARRELS","TOTAL","NOT SPECIFIED","45,770",""
"SURVEY","2018","YEAR","","STATE","MASSACHUSETTS","25","","","","","","","00000000","","CRANBERRIES","CRANBERRIES, PROCESSING - PRODUCTION, MEASURED IN $","TOTAL","NOT SPECIFIED","58,270,000",""
"SURVEY","2018","YEAR","","STATE","MASSACHUSETTS","25","","","","","","","00000000","","CRANBERRIES","CRANBERRIES, PROCESSING - PRODUCTION, MEASURED IN BARRELS","TOTAL","NOT SPECIFIED","2,182,400",""
"SURVEY","2018","YEAR","","STATE","MASSACHUSETTS","25","","","","","","","00000000","","CRANBERRIES","CRANBERRIES, UTILIZED - PRODUCTION, MEASURED IN $","TOTAL","NOT SPECIFIED","60,916,000",""
"SURVEY","2018","YEAR","","STATE","MASSACHUSETTS","25","","","","","","","00000000","","CRANBERRIES","CRANBERRIES, UTILIZED - PRODUCTION, MEASURED IN BARRELS","TOTAL","NOT SPECIFIED","2,244,230",""
"SURVEY","2018","YEAR - AUG FORECAST","","STATE","MASSACHUSETTS","25","","","","","","","00000000","","CRANBERRIES","CRANBERRIES - PRODUCTION, MEASURED IN BARRELS","TOTAL","NOT SPECIFIED","1,895,000",""
"SURVEY","2017","MARKETING YEAR","","STATE","MASSACHUSETTS","25","","","","","","","00000000","","CRANBERRIES","CRANBERRIES - PRICE RECEIVED, MEASURED IN $ / BARREL","TOTAL","NOT SPECIFIED","31.5",""
"SURVEY","2017","MARKETING YEAR","","STATE","MASSACHUSETTS","25","","","","","","","00000000","","CRANBERRIES","CRANBERRIES, FRESH MARKET - PRICE RECEIVED, MEASURED IN $ / BARREL","TOTAL","NOT SPECIFIED","48.7",""
"SURVEY","2017","MARKETING YEAR","","STATE","MASSACHUSETTS","25","","","","","","","00000000","","CRANBERRIES","CRANBERRIES, PROCESSING - PRICE RECEIVED, MEASURED IN $ / BARREL","TOTAL","NOT SPECIFIED","30.2",""
"SURVEY","2017","YEAR","","STATE","MASSACHUSETTS","25","","","","","","","00000000","","CRANBERRIES","CRANBERRIES - ACRES HARVESTED","TOTAL","NOT SPECIFIED","12,300",""
"SURVEY","2017","YEAR","","STATE","MASSACHUSETTS","25","","","","","","","00000000","","CRANBERRIES","CRANBERRIES - PRODUCTION, MEASURED IN BARRELS","TOTAL","NOT SPECIFIED","1,911,400",""
"SURVEY","2017","YEAR","","STATE","MASSACHUSETTS","25","","","","","","","00000000","","CRANBERRIES","CRANBERRIES, FRESH MARKET - PRODUCTION, MEASURED IN $","TOTAL","NOT SPECIFIED","6,424,000",""
"SURVEY","2017","YEAR","","STATE","MASSACHUSETTS","25","","","","","","","00000000","","CRANBERRIES","CRANBERRIES, FRESH MARKET - PRODUCTION, MEASURED IN BARRELS","TOTAL","NOT SPECIFIED","131,900",""
"SURVEY","2017","YEAR","","STATE","MASSACHUSETTS","25","","","","","","","00000000","","CRANBERRIES","CRANBERRIES, NOT SOLD - PRODUCTION, MEASURED IN BARRELS","TOTAL","NOT SPECIFIED","17,000",""
"SURVEY","2017","YEAR","","STATE","MASSACHUSETTS","25","","","","","","","00000000","","CRANBERRIES","CRANBERRIES, PROCESSING - PRODUCTION, MEASURED IN $","TOTAL","NOT SPECIFIED","53,228,000",""
"SURVEY","2017","YEAR","","STATE","MASSACHUSETTS","25","","","","","","","00000000","","CRANBERRIES","CRANBERRIES, PROCESSING - PRODUCTION, MEASURED IN BARRELS","TOTAL","NOT SPECIFIED","1,762,500",""
"SURVEY","2017","YEAR","","STATE","MASSACHUSETTS","25","","","","","","","00000000","","CRANBERRIES","CRANBERRIES, UTILIZED - PRODUCTION, MEASURED IN $","TOTAL","NOT SPECIFIED","59,652,000",""
"SURVEY","2017","YEAR","","STATE","MASSACHUSETTS","25","","","","","","","00000000","","CRANBERRIES","CRANBERRIES, UTILIZED - PRODUCTION, MEASURED IN BARRELS","TOTAL","NOT SPECIFIED","1,894,400",""
"SURVEY","2017","YEAR","","STATE","MASSACHUSETTS","25","","","","","","","00000000","","CRANBERRIES","CRANBERRIES, UTILIZED - YIELD, MEASURED IN BARRELS / ACRE","TOTAL","NOT SPECIFIED","154",""
"SURVEY","2016","MARKETING YEAR","","STATE","MASSACHUSETTS","25","","","","","","","00000000","","CRANBERRIES","CRANBERRIES - PRICE RECEIVED, MEASURED IN $ / BARREL","TOTAL","NOT SPECIFIED","30.7",""
"SURVEY","2016","MARKETING YEAR","","STATE","MASSACHUSETTS","25","","","","","","","00000000","","CRANBERRIES","CRANBERRIES, FRESH MARKET - PRICE RECEIVED, MEASURED IN $ / BARREL","TOTAL","NOT SPECIFIED","44.5",""
"SURVEY","2016","MARKETING YEAR","","STATE","MASSACHUSETTS","25","","","","","","","00000000","","CRANBERRIES","CRANBERRIES, PROCESSING - PRICE RECEIVED, MEASURED IN $ / BARREL","TOTAL","NOT SPECIFIED","29.4",""
"SURVEY","2016","YEAR","","STATE","MASSACHUSETTS","25","","","","","","","00000000","","CRANBERRIES","CRANBERRIES - ACRES HARVESTED","TOTAL","NOT SPECIFIED","12,900",""
"SURVEY","2016","YEAR","","STATE","MASSACHUSETTS","25","","","","","","","00000000","","CRANBERRIES","CRANBERRIES - PRODUCTION, MEASURED IN BARRELS","TOTAL","NOT SPECIFIED","2,268,000",""
"SURVEY","2016","YEAR","","STATE","MASSACHUSETTS","25","","","","","","","00000000","","CRANBERRIES","CRANBERRIES, FRESH MARKET - PRODUCTION, MEASURED IN $","TOTAL","NOT SPECIFIED","8,099,000",""
"SURVEY","2016","YEAR","","STATE","MASSACHUSETTS","25","","","","","","","00000000","","CRANBERRIES","CRANBERRIES, FRESH MARKET - PRODUCTION, MEASURED IN BARRELS","TOTAL","NOT SPECIFIED","182,000",""
"SURVEY","2016","YEAR","","STATE","MASSACHUSETTS","25","","","","","","","00000000","","CRANBERRIES","CRANBERRIES, NOT SOLD - PRODUCTION, MEASURED IN BARRELS","TOTAL","NOT SPECIFIED","20,000",""
"SURVEY","2016","YEAR","","STATE","MASSACHUSETTS","25","","","","","","","00000000","","CRANBERRIES","CRANBERRIES, PROCESSING - PRODUCTION, MEASURED IN $","TOTAL","NOT SPECIFIED","60,812,000",""
"SURVEY","2016","YEAR","","STATE","MASSACHUSETTS","25","","","","","","","00000000","","CRANBERRIES","CRANBERRIES, PROCESSING - PRODUCTION, MEASURED IN BARRELS","TOTAL","NOT SPECIFIED","2,066,000",""
"SURVEY","2016","YEAR","","STATE","MASSACHUSETTS","25","","","","","","","00000000","","CRANBERRIES","CRANBERRIES, UTILIZED - PRODUCTION, MEASURED IN $","TOTAL","NOT SPECIFIED","68,911,000",""
"SURVEY","2016","YEAR","","STATE","MASSACHUSETTS","25","","","","","","","00000000","","CRANBERRIES","CRANBERRIES, UTILIZED - PRODUCTION, MEASURED IN BARRELS","TOTAL","NOT SPECIFIED","2,248,000",""
"SURVEY","2016","YEAR","","STATE","MASSACHUSETTS","25","","","","","","","00000000","","CRANBERRIES","CRANBERRIES, UTILIZED - YIELD, MEASURED IN BARRELS / ACRE","TOTAL","NOT SPECIFIED","174.3",""
"SURVEY","2015","MARKETING YEAR","","STATE","MASSACHUSETTS","25","","","","","","","00000000","","CRANBERRIES","CRANBERRIES - PRICE RECEIVED, MEASURED IN $ / BARREL","TOTAL","NOT SPECIFIED","32.8",""
"SURVEY","2015","MARKETING YEAR","","STATE","MASSACHUSETTS","25","","","","","","","00000000","","CRANBERRIES","CRANBERRIES, FRESH MARKET - PRICE RECEIVED, MEASURED IN $ / BARREL","TOTAL","NOT SPECIFIED","59.6",""
"SURVEY","2015","MARKETING YEAR","","STATE","MASSACHUSETTS","25","","","","","","","00000000","","CRANBERRIES","CRANBERRIES, PROCESSING - PRICE RECEIVED, MEASURED IN $ / BARREL","TOTAL","NOT SPECIFIED","30.5",""
"SURVEY","2015","YEAR","","STATE","MASSACHUSETTS","25","","","","","","","00000000","","CRANBERRIES","CRANBERRIES - ACRES HARVESTED","TOTAL","NOT SPECIFIED","13,200",""
"SURVEY","2015","YEAR","","STATE","MASSACHUSETTS","25","","","","","","","00000000","","CRANBERRIES","CRANBERRIES - PRODUCTION, MEASURED IN BARRELS","TOTAL","NOT SPECIFIED","2,352,000",""
"SURVEY","2015","YEAR","","STATE","MASSACHUSETTS","25","","","","","","","00000000","","CRANBERRIES","CRANBERRIES, FRESH MARKET - PRODUCTION, MEASURED IN $","TOTAL","NOT SPECIFIED","11,086,000",""
"SURVEY","2015","YEAR","","STATE","MASSACHUSETTS","25","","","","","","","00000000","","CRANBERRIES","CRANBERRIES, FRESH MARKET - PRODUCTION, MEASURED IN BARRELS","TOTAL","NOT SPECIFIED","186,000",""
"SURVEY","2015","YEAR","","STATE","MASSACHUSETTS","25","","","","","","","00000000","","CRANBERRIES","CRANBERRIES, NOT HARVESTED - PRODUCTION, MEASURED IN BARRELS","TOTAL","NOT SPECIFIED"," (NA)",""
"SURVEY","2015","YEAR","","STATE","MASSACHUSETTS","25","","","","","","","00000000","","CRANBERRIES","CRANBERRIES, NOT SOLD - PRODUCTION, MEASURED IN BARRELS","TOTAL","NOT SPECIFIED","12,000",""
"SURVEY","2015","YEAR","","STATE","MASSACHUSETTS","25","","","","","","","00000000","","CRANBERRIES","CRANBERRIES, PROCESSING - PRODUCTION, MEASURED IN $","TOTAL","NOT SPECIFIED","65,697,000",""
"SURVEY","2015","YEAR","","STATE","MASSACHUSETTS","25","","","","","","","00000000","","CRANBERRIES","CRANBERRIES, PROCESSING - PRODUCTION, MEASURED IN BARRELS","TOTAL","NOT SPECIFIED","2,154,000",""
"SURVEY","2015","YEAR","","STATE","MASSACHUSETTS","25","","","","","","","00000000","","CRANBERRIES","CRANBERRIES, UTILIZED - PRODUCTION, MEASURED IN $","TOTAL","NOT SPECIFIED","76,783,000",""
"SURVEY","2015","YEAR","","STATE","MASSACHUSETTS","25","","","","","","","00000000","","CRANBERRIES","CRANBERRIES, UTILIZED - PRODUCTION, MEASURED IN BARRELS","TOTAL","NOT SPECIFIED","2,340,000",""
"SURVEY","2015","YEAR","","STATE","MASSACHUSETTS","25","","","","","","","00000000","","CRANBERRIES","CRANBERRIES, UTILIZED - YIELD, MEASURED IN BARRELS / ACRE","TOTAL","NOT SPECIFIED","177.3",""
"SURVEY","2014","MARKETING YEAR","","STATE","MASSACHUSETTS","25","","","","","","","00000000","","CRANBERRIES","CRANBERRIES - PRICE RECEIVED, MEASURED IN $ / BARREL","TOTAL","NOT SPECIFIED","37.1",""
"SURVEY","2014","MARKETING YEAR","","STATE","MASSACHUSETTS","25","","","","","","","00000000","","CRANBERRIES","CRANBERRIES, FRESH MARKET - PRICE RECEIVED, MEASURED IN $ / BARREL","TOTAL","NOT SPECIFIED","56.8",""
"SURVEY","2014","MARKETING YEAR","","STATE","MASSACHUSETTS","25","","","","","","","00000000","","CRANBERRIES","CRANBERRIES, PROCESSING - PRICE RECEIVED, MEASURED IN $ / BARREL","TOTAL","NOT SPECIFIED","36.6",""
"SURVEY","2014","YEAR","","STATE","MASSACHUSETTS","25","","","","","","","00000000","","CRANBERRIES","CRANBERRIES - ACRES HARVESTED","TOTAL","NOT SPECIFIED","12,400",""
"SURVEY","2014","YEAR","","STATE","MASSACHUSETTS","25","","","","","","","00000000","","CRANBERRIES","CRANBERRIES - PRODUCTION, MEASURED IN BARRELS","TOTAL","NOT SPECIFIED","2,070,000",""
"SURVEY","2014","YEAR","","STATE","MASSACHUSETTS","25","","","","","","","00000000","","CRANBERRIES","CRANBERRIES, FRESH MARKET - PRODUCTION, MEASURED IN $","TOTAL","NOT SPECIFIED","2,726,000",""
"SURVEY","2014","YEAR","","STATE","MASSACHUSETTS","25","","","","","","","00000000","","CRANBERRIES","CRANBERRIES, FRESH MARKET - PRODUCTION, MEASURED IN BARRELS","TOTAL","NOT SPECIFIED","48,000",""
"SURVEY","2014","YEAR","","STATE","MASSACHUSETTS","25","","","","","","","00000000","","CRANBERRIES","CRANBERRIES, NOT HARVESTED - PRODUCTION, MEASURED IN BARRELS","TOTAL","NOT SPECIFIED","13,000",""
"SURVEY","2014","YEAR","","STATE","MASSACHUSETTS","25","","","","","","","00000000","","CRANBERRIES","CRANBERRIES, NOT SOLD - PRODUCTION, MEASURED IN BARRELS","TOTAL","NOT SPECIFIED","20,000",""
"SURVEY","2014","YEAR","","STATE","MASSACHUSETTS","25","","","","","","","00000000","","CRANBERRIES","CRANBERRIES, PROCESSING - PRODUCTION, MEASURED IN $","TOTAL","NOT SPECIFIED","72,797,000",""
"SURVEY","2014","YEAR","","STATE","MASSACHUSETTS","25","","","","","","","00000000","","CRANBERRIES","CRANBERRIES, PROCESSING - PRODUCTION, MEASURED IN BARRELS","TOTAL","NOT SPECIFIED","1,989,000",""
"SURVEY","2014","YEAR","","STATE","MASSACHUSETTS","25","","","","","","","00000000","","CRANBERRIES","CRANBERRIES, UTILIZED - PRODUCTION, MEASURED IN $","TOTAL","NOT SPECIFIED","75,523,000",""
"SURVEY","2014","YEAR","","STATE","MASSACHUSETTS","25","","","","","","","00000000","","CRANBERRIES","CRANBERRIES, UTILIZED - PRODUCTION, MEASURED IN BARRELS","TOTAL","NOT SPECIFIED","2,037,000",""
"SURVEY","2014","YEAR","","STATE","MASSACHUSETTS","25","","","","","","","00000000","","CRANBERRIES","CRANBERRIES, UTILIZED - YIELD, MEASURED IN BARRELS / ACRE","TOTAL","NOT SPECIFIED","164.3",""
"SURVEY","2013","MARKETING YEAR","","STATE","MASSACHUSETTS","25","","","","","","","00000000","","CRANBERRIES","CRANBERRIES - PRICE RECEIVED, MEASURED IN $ / BARREL","TOTAL","NOT SPECIFIED","31.6",""
"SURVEY","2013","MARKETING YEAR","","STATE","MASSACHUSETTS","25","","","","","","","00000000","","CRANBERRIES","CRANBERRIES, FRESH MARKET - PRICE RECEIVED, MEASURED IN $ / BARREL","TOTAL","NOT SPECIFIED","50.6",""
"SURVEY","2013","MARKETING YEAR","","STATE","MASSACHUSETTS","25","","","","","","","00000000","","CRANBERRIES","CRANBERRIES, PROCESSING - PRICE RECEIVED, MEASURED IN $ / BARREL","TOTAL","NOT SPECIFIED","30.6",""
"SURVEY","2013","YEAR","","STATE","MASSACHUSETTS","25","","","","","","","00000000","","CRANBERRIES","CRANBERRIES - ACRES HARVESTED","TOTAL","NOT SPECIFIED","13,200",""
"SURVEY","2013","YEAR","","STATE","MASSACHUSETTS","25","","","","","","","00000000","","CRANBERRIES","CRANBERRIES - PRODUCTION, MEASURED IN BARRELS","TOTAL","NOT SPECIFIED","1,852,300",""
"SURVEY","2013","YEAR","","STATE","MASSACHUSETTS","25","","","","","","","00000000","","CRANBERRIES","CRANBERRIES, FRESH MARKET - PRODUCTION, MEASURED IN $","TOTAL","NOT SPECIFIED","4,493,000",""
"SURVEY","2013","YEAR","","STATE","MASSACHUSETTS","25","","","","","","","00000000","","CRANBERRIES","CRANBERRIES, FRESH MARKET - PRODUCTION, MEASURED IN BARRELS","TOTAL","NOT SPECIFIED","88,800",""
"SURVEY","2013","YEAR","","STATE","MASSACHUSETTS","25","","","","","","","00000000","","CRANBERRIES","CRANBERRIES, NOT HARVESTED - PRODUCTION, MEASURED IN BARRELS","TOTAL","NOT SPECIFIED","11,400",""
"SURVEY","2013","YEAR","","STATE","MASSACHUSETTS","25","","","","","","","00000000","","CRANBERRIES","CRANBERRIES, NOT SOLD - PRODUCTION, MEASURED IN BARRELS","TOTAL","NOT SPECIFIED","12,100",""
"SURVEY","2013","YEAR","","STATE","MASSACHUSETTS","25","","","","","","","00000000","","CRANBERRIES","CRANBERRIES, PROCESSING - PRODUCTION, MEASURED IN $","TOTAL","NOT SPECIFIED","53,244,000",""
"SURVEY","2013","YEAR","","STATE","MASSACHUSETTS","25","","","","","","","00000000","","CRANBERRIES","CRANBERRIES, PROCESSING - PRODUCTION, MEASURED IN BARRELS","TOTAL","NOT SPECIFIED","1,740,000",""
"SURVEY","2013","YEAR","","STATE","MASSACHUSETTS","25","","","","","","","00000000","","CRANBERRIES","CRANBERRIES, UTILIZED - PRODUCTION, MEASURED IN $","TOTAL","NOT SPECIFIED","57,737,000",""
"SURVEY","2013","YEAR","","STATE","MASSACHUSETTS","25","","","","","","","00000000","","CRANBERRIES","CRANBERRIES, UTILIZED - PRODUCTION, MEASURED IN BARRELS","TOTAL","NOT SPECIFIED","1,828,800",""
"SURVEY","2013","YEAR","","STATE","MASSACHUSETTS","25","","","","","","","00000000","","CRANBERRIES","CRANBERRIES, UTILIZED - YIELD, MEASURED IN BARRELS / ACRE","TOTAL","NOT SPECIFIED","138.5",""
"SURVEY","2012","MARKETING YEAR","","STATE","MASSACHUSETTS","25","","","","","","","00000000","","CRANBERRIES","CRANBERRIES - PRICE RECEIVED, MEASURED IN $ / BARREL","TOTAL","NOT SPECIFIED","47",""
"SURVEY","2012","MARKETING YEAR","","STATE","MASSACHUSETTS","25","","","","","","","00000000","","CRANBERRIES","CRANBERRIES, FRESH MARKET - PRICE RECEIVED, MEASURED IN $ / BARREL","TOTAL","NOT SPECIFIED","69.9",""
"SURVEY","2012","MARKETING YEAR","","STATE","MASSACHUSETTS","25","","","","","","","00000000","","CRANBERRIES","CRANBERRIES, PROCESSING - PRICE RECEIVED, MEASURED IN $ / BARREL","TOTAL","NOT SPECIFIED","46.1",""
"SURVEY","2012","YEAR","","STATE","MASSACHUSETTS","25","","","","","","","00000000","","CRANBERRIES","CRANBERRIES - ACRES HARVESTED","TOTAL","NOT SPECIFIED","13,000",""
"SURVEY","2012","YEAR","","STATE","MASSACHUSETTS","25","","","","","","","00000000","","CRANBERRIES","CRANBERRIES - PRODUCTION, MEASURED IN BARRELS","TOTAL","NOT SPECIFIED","2,123,000",""
"SURVEY","2012","YEAR","","STATE","MASSACHUSETTS","25","","","","","","","00000000","","CRANBERRIES","CRANBERRIES - YIELD, MEASURED IN BARRELS / ACRE","TOTAL","NOT SPECIFIED","163.3",""
"SURVEY","2012","YEAR","","STATE","MASSACHUSETTS","25","","","","","","","00000000","","CRANBERRIES","CRANBERRIES, FRESH MARKET - PRODUCTION, MEASURED IN $","TOTAL","NOT SPECIFIED","5,802,000",""
"SURVEY","2012","YEAR","","STATE","MASSACHUSETTS","25","","","","","","","00000000","","CRANBERRIES","CRANBERRIES, FRESH MARKET - PRODUCTION, MEASURED IN BARRELS","TOTAL","NOT SPECIFIED","83,000",""
"SURVEY","2012","YEAR","","STATE","MASSACHUSETTS","25","","","","","","","00000000","","CRANBERRIES","CRANBERRIES, PROCESSING - PRODUCTION, MEASURED IN $","TOTAL","NOT SPECIFIED","94,044,000",""
"SURVEY","2012","YEAR","","STATE","MASSACHUSETTS","25","","","","","","","00000000","","CRANBERRIES","CRANBERRIES, PROCESSING - PRODUCTION, MEASURED IN BARRELS","TOTAL","NOT SPECIFIED","2,040,000",""
"SURVEY","2012","YEAR","","STATE","MASSACHUSETTS","25","","","","","","","00000000","","CRANBERRIES","CRANBERRIES, UTILIZED - PRODUCTION, MEASURED IN $","TOTAL","NOT SPECIFIED","99,846,000",""
"SURVEY","2012","YEAR","","STATE","MASSACHUSETTS","25","","","","","","","00000000","","CRANBERRIES","CRANBERRIES, UTILIZED - PRODUCTION, MEASURED IN BARRELS","TOTAL","NOT SPECIFIED","2,123,000",""
"SURVEY","2012","YEAR","","STATE","MASSACHUSETTS","25","","","","","","","00000000","","CRANBERRIES","CRANBERRIES, UTILIZED - YIELD, MEASURED IN BARRELS / ACRE","TOTAL","NOT SPECIFIED","163.3",""
"SURVEY","2011","MARKETING YEAR","","STATE","MASSACHUSETTS","25","","","","","","","00000000","","CRANBERRIES","CRANBERRIES - PRICE RECEIVED, MEASURED IN $ / BARREL","TOTAL","NOT SPECIFIED","44.7",""
"SURVEY","2011","MARKETING YEAR","","STATE","MASSACHUSETTS","25","","","","","","","00000000","","CRANBERRIES","CRANBERRIES, FRESH MARKET - PRICE RECEIVED, MEASURED IN $ / BARREL","TOTAL","NOT SPECIFIED","64.8",""
"SURVEY","2011","MARKETING YEAR","","STATE","MASSACHUSETTS","25","","","","","","","00000000","","CRANBERRIES","CRANBERRIES, PROCESSING - PRICE RECEIVED, MEASURED IN $ / BARREL","TOTAL","NOT SPECIFIED","43.7",""
"SURVEY","2011","YEAR","","STATE","MASSACHUSETTS","25","","","","","","","00000000","","CRANBERRIES","CRANBERRIES - ACRES HARVESTED","TOTAL","NOT SPECIFIED","13,000",""
"SURVEY","2011","YEAR","","STATE","MASSACHUSETTS","25","","","","","","","00000000","","CRANBERRIES","CRANBERRIES - PRODUCTION, MEASURED IN BARRELS","TOTAL","NOT SPECIFIED","2,317,000",""
"SURVEY","2011","YEAR","","STATE","MASSACHUSETTS","25","","","","","","","00000000","","CRANBERRIES","CRANBERRIES - YIELD, MEASURED IN BARRELS / ACRE","TOTAL","NOT SPECIFIED","178.2",""
"SURVEY","2011","YEAR","","STATE","MASSACHUSETTS","25","","","","","","","00000000","","CRANBERRIES","CRANBERRIES, FRESH MARKET - PRODUCTION, MEASURED IN $","TOTAL","NOT SPECIFIED","7,128,000",""
"SURVEY","2011","YEAR","","STATE","MASSACHUSETTS","25","","","","","","","00000000","","CRANBERRIES","CRANBERRIES, FRESH MARKET - PRODUCTION, MEASURED IN BARRELS","TOTAL","NOT SPECIFIED","110,000",""
"SURVEY","2011","YEAR","","STATE","MASSACHUSETTS","25","","","","","","","00000000","","CRANBERRIES","CRANBERRIES, PROCESSING - PRODUCTION, MEASURED IN $","TOTAL","NOT SPECIFIED","96,446,000",""
"SURVEY","2011","YEAR","","STATE","MASSACHUSETTS","25","","","","","","","00000000","","CRANBERRIES","CRANBERRIES, PROCESSING - PRODUCTION, MEASURED IN BARRELS","TOTAL","NOT SPECIFIED","2,207,000",""
"SURVEY","2011","YEAR","","STATE","MASSACHUSETTS","25","","","","","","","00000000","","CRANBERRIES","CRANBERRIES, UTILIZED - PRODUCTION, MEASURED IN $","TOTAL","NOT SPECIFIED","103,574,000",""
"SURVEY","2011","YEAR","","STATE","MASSACHUSETTS","25","","","","","","","00000000","","CRANBERRIES","CRANBERRIES, UTILIZED - PRODUCTION, MEASURED IN BARRELS","TOTAL","NOT SPECIFIED","2,317,000",""
"SURVEY","2011","YEAR","","STATE","MASSACHUSETTS","25","","","","","","","00000000","","CRANBERRIES","CRANBERRIES, UTILIZED - YIELD, MEASURED IN BARRELS / ACRE","TOTAL","NOT SPECIFIED","178.2",""
"SURVEY","2010","MARKETING YEAR","","STATE","MASSACHUSETTS","25","","","","","","","00000000","","CRANBERRIES","CRANBERRIES - PRICE RECEIVED, MEASURED IN $ / BARREL","TOTAL","NOT SPECIFIED","42.1",""
"SURVEY","2010","MARKETING YEAR","","STATE","MASSACHUSETTS","25","","","","","","","00000000","","CRANBERRIES","CRANBERRIES, FRESH MARKET - PRICE RECEIVED, MEASURED IN $ / BARREL","TOTAL","NOT SPECIFIED","69.5",""
"SURVEY","2010","MARKETING YEAR","","STATE","MASSACHUSETTS","25","","","","","","","00000000","","CRANBERRIES","CRANBERRIES, PROCESSING - PRICE RECEIVED, MEASURED IN $ / BARREL","TOTAL","NOT SPECIFIED","40.4",""
"SURVEY","2010","YEAR","","STATE","MASSACHUSETTS","25","","","","","","","00000000","","CRANBERRIES","CRANBERRIES - ACRES HARVESTED","TOTAL","NOT SPECIFIED","13,000",""
"SURVEY","2010","YEAR","","STATE","MASSACHUSETTS","25","","","","","","","00000000","","CRANBERRIES","CRANBERRIES - PRODUCTION, MEASURED IN BARRELS","TOTAL","NOT SPECIFIED","1,891,000",""
"SURVEY","2010","YEAR","","STATE","MASSACHUSETTS","25","","","","","","","00000000","","CRANBERRIES","CRANBERRIES - YIELD, MEASURED IN BARRELS / ACRE","TOTAL","NOT SPECIFIED","145.5",""
"SURVEY","2010","YEAR","","STATE","MASSACHUSETTS","25","","","","","","","00000000","","CRANBERRIES","CRANBERRIES, FRESH MARKET - PRODUCTION, MEASURED IN $","TOTAL","NOT SPECIFIED","7,784,000",""
"SURVEY","2010","YEAR","","STATE","MASSACHUSETTS","25","","","","","","","00000000","","CRANBERRIES","CRANBERRIES, FRESH MARKET - PRODUCTION, MEASURED IN BARRELS","TOTAL","NOT SPECIFIED","112,000",""
"SURVEY","2010","YEAR","","STATE","MASSACHUSETTS","25","","","","","","","00000000","","CRANBERRIES","CRANBERRIES, PROCESSING - PRODUCTION, MEASURED IN $","TOTAL","NOT SPECIFIED","71,872,000",""
"SURVEY","2010","YEAR","","STATE","MASSACHUSETTS","25","","","","","","","00000000","","CRANBERRIES","CRANBERRIES, PROCESSING - PRODUCTION, MEASURED IN BARRELS","TOTAL","NOT SPECIFIED","1,779,000",""
"SURVEY","2010","YEAR","","STATE","MASSACHUSETTS","25","","","","","","","00000000","","CRANBERRIES","CRANBERRIES, UTILIZED - PRODUCTION, MEASURED IN $","TOTAL","NOT SPECIFIED","79,656,000",""
"SURVEY","2010","YEAR","","STATE","MASSACHUSETTS","25","","","","","","","00000000","","CRANBERRIES","CRANBERRIES, UTILIZED - PRODUCTION, MEASURED IN BARRELS","TOTAL","NOT SPECIFIED","1,891,000",""
"SURVEY","2009","MARKETING YEAR","","STATE","MASSACHUSETTS","25","","","","","","","00000000","","CRANBERRIES","CRANBERRIES - PRICE RECEIVED, MEASURED IN $ / BARREL","TOTAL","NOT SPECIFIED","46.1",""
"SURVEY","2009","MARKETING YEAR","","STATE","MASSACHUSETTS","25","","","","","","","00000000","","CRANBERRIES","CRANBERRIES, FRESH MARKET - PRICE RECEIVED, MEASURED IN $ / BARREL","TOTAL","NOT SPECIFIED","75.2",""
"SURVEY","2009","MARKETING YEAR","","STATE","MASSACHUSETTS","25","","","","","","","00000000","","CRANBERRIES","CRANBERRIES, PROCESSING - PRICE RECEIVED, MEASURED IN $ / BARREL","TOTAL","NOT SPECIFIED","44.7",""
"SURVEY","2009","YEAR","","STATE","MASSACHUSETTS","25","","","","","","","00000000","","CRANBERRIES","CRANBERRIES - ACRES HARVESTED","TOTAL","NOT SPECIFIED","13,000",""
"SURVEY","2009","YEAR","","STATE","MASSACHUSETTS","25","","","","","","","00000000","","CRANBERRIES","CRANBERRIES - PRODUCTION, MEASURED IN BARRELS","TOTAL","NOT SPECIFIED","1,817,000",""
"SURVEY","2009","YEAR","","STATE","MASSACHUSETTS","25","","","","","","","00000000","","CRANBERRIES","CRANBERRIES - YIELD, MEASURED IN BARRELS / ACRE","TOTAL","NOT SPECIFIED","139.8",""
"SURVEY","2009","YEAR","","STATE","MASSACHUSETTS","25","","","","","","","00000000","","CRANBERRIES","CRANBERRIES, FRESH MARKET - PRODUCTION, MEASURED IN $","TOTAL","NOT SPECIFIED","6,467,000",""
"SURVEY","2009","YEAR","","STATE","MASSACHUSETTS","25","","","","","","","00000000","","CRANBERRIES","CRANBERRIES, FRESH MARKET - PRODUCTION, MEASURED IN BARRELS","TOTAL","NOT SPECIFIED","86,000",""
"SURVEY","2009","YEAR","","STATE","MASSACHUSETTS","25","","","","","","","00000000","","CRANBERRIES","CRANBERRIES, PROCESSING - PRODUCTION, MEASURED IN $","TOTAL","NOT SPECIFIED","77,376,000",""
"SURVEY","2009","YEAR","","STATE","MASSACHUSETTS","25","","","","","","","00000000","","CRANBERRIES","CRANBERRIES, PROCESSING - PRODUCTION, MEASURED IN BARRELS","TOTAL","NOT SPECIFIED","1,731,000",""
"SURVEY","2009","YEAR","","STATE","MASSACHUSETTS","25","","","","","","","00000000","","CRANBERRIES","CRANBERRIES, UTILIZED - PRODUCTION, MEASURED IN $","TOTAL","NOT SPECIFIED","83,843,000",""
"SURVEY","2009","YEAR","","STATE","MASSACHUSETTS","25","","","","","","","00000000","","CRANBERRIES","CRANBERRIES, UTILIZED - PRODUCTION, MEASURED IN BARRELS","TOTAL","NOT SPECIFIED","1,817,000",""
"SURVEY","2008","MARKETING YEAR","","STATE","MASSACHUSETTS","25","","","","","","","00000000","","CRANBERRIES","CRANBERRIES - PRICE RECEIVED, MEASURED IN $ / BARREL","TOTAL","NOT SPECIFIED","58.6",""
"SURVEY","2008","MARKETING YEAR","","STATE","MASSACHUSETTS","25","","","","","","","00000000","","CRANBERRIES","CRANBERRIES, FRESH MARKET - PRICE RECEIVED, MEASURED IN $ / BARREL","TOTAL","NOT SPECIFIED","75.2",""
"SURVEY","2008","MARKETING YEAR","","STATE","MASSACHUSETTS","25","","","","","","","00000000","","CRANBERRIES","CRANBERRIES, PROCESSING - PRICE RECEIVED, MEASURED IN $ / BARREL","TOTAL","NOT SPECIFIED","57.7",""
"SURVEY","2008","YEAR","","STATE","MASSACHUSETTS","25","","","","","","","00000000","","CRANBERRIES","CRANBERRIES - ACRES HARVESTED","TOTAL","NOT SPECIFIED","13,000",""
"SURVEY","2008","YEAR","","STATE","MASSACHUSETTS","25","","","","","","","00000000","","CRANBERRIES","CRANBERRIES - PRODUCTION, MEASURED IN BARRELS","TOTAL","NOT SPECIFIED","2,374,000",""
"SURVEY","2008","YEAR","","STATE","MASSACHUSETTS","25","","","","","","","00000000","","CRANBERRIES","CRANBERRIES - YIELD, MEASURED IN BARRELS / ACRE","TOTAL","NOT SPECIFIED","182.6",""
"SURVEY","2008","YEAR","","STATE","MASSACHUSETTS","25","","","","","","","00000000","","CRANBERRIES","CRANBERRIES, FRESH MARKET - PRODUCTION, MEASURED IN $","TOTAL","NOT SPECIFIED","9,626,000",""
"SURVEY","2008","YEAR","","STATE","MASSACHUSETTS","25","","","","","","","00000000","","CRANBERRIES","CRANBERRIES, FRESH MARKET - PRODUCTION, MEASURED IN BARRELS","TOTAL","NOT SPECIFIED","128,000",""
"SURVEY","2008","YEAR","","STATE","MASSACHUSETTS","25","","","","","","","00000000","","CRANBERRIES","CRANBERRIES, PROCESSING - PRODUCTION, MEASURED IN $","TOTAL","NOT SPECIFIED","129,594,000",""
"SURVEY","2008","YEAR","","STATE","MASSACHUSETTS","25","","","","","","","00000000","","CRANBERRIES","CRANBERRIES, PROCESSING - PRODUCTION, MEASURED IN BARRELS","TOTAL","NOT SPECIFIED","2,246,000",""
"SURVEY","2008","YEAR","","STATE","MASSACHUSETTS","25","","","","","","","00000000","","CRANBERRIES","CRANBERRIES, UTILIZED - PRODUCTION, MEASURED IN $","TOTAL","NOT SPECIFIED","139,220,000",""
"SURVEY","2008","YEAR","","STATE","MASSACHUSETTS","25","","","","","","","00000000","","CRANBERRIES","CRANBERRIES, UTILIZED - PRODUCTION, MEASURED IN BARRELS","TOTAL","NOT SPECIFIED","2,374,000",""
"SURVEY","2007","MARKETING YEAR","","STATE","MASSACHUSETTS","25","","","","","","","00000000","","CRANBERRIES","CRANBERRIES - PRICE RECEIVED, MEASURED IN $ / BARREL","TOTAL","NOT SPECIFIED","49.8",""
"SURVEY","2007","MARKETING YEAR","","STATE","MASSACHUSETTS","25","","","","","","","00000000","","CRANBERRIES","CRANBERRIES, FRESH MARKET - PRICE RECEIVED, MEASURED IN $ / BARREL","TOTAL","NOT SPECIFIED","70.1",""
"SURVEY","2007","MARKETING YEAR","","STATE","MASSACHUSETTS","25","","","","","","","00000000","","CRANBERRIES","CRANBERRIES, PROCESSING - PRICE RECEIVED, MEASURED IN $ / BARREL","TOTAL","NOT SPECIFIED","48.4",""
"SURVEY","2007","YEAR","","STATE","MASSACHUSETTS","25","","","","","","","00000000","","CRANBERRIES","CRANBERRIES - ACRES HARVESTED","TOTAL","NOT SPECIFIED","13,000",""
"SURVEY","2007","YEAR","","STATE","MASSACHUSETTS","25","","","","","","","00000000","","CRANBERRIES","CRANBERRIES - PRODUCTION, MEASURED IN BARRELS","TOTAL","NOT SPECIFIED","1,522,000",""
"SURVEY","2007","YEAR","","STATE","MASSACHUSETTS","25","","","","","","","00000000","","CRANBERRIES","CRANBERRIES - YIELD, MEASURED IN BARRELS / ACRE","TOTAL","NOT SPECIFIED","117.1",""
"SURVEY","2007","YEAR","","STATE","MASSACHUSETTS","25","","","","","","","00000000","","CRANBERRIES","CRANBERRIES, FRESH MARKET - PRODUCTION, MEASURED IN $","TOTAL","NOT SPECIFIED","7,080,000",""
"SURVEY","2007","YEAR","","STATE","MASSACHUSETTS","25","","","","","","","00000000","","CRANBERRIES","CRANBERRIES, FRESH MARKET - PRODUCTION, MEASURED IN BARRELS","TOTAL","NOT SPECIFIED","101,000",""
"SURVEY","2007","YEAR","","STATE","MASSACHUSETTS","25","","","","","","","00000000","","CRANBERRIES","CRANBERRIES, PROCESSING - PRODUCTION, MEASURED IN $","TOTAL","NOT SPECIFIED","68,776,000",""
"SURVEY","2007","YEAR","","STATE","MASSACHUSETTS","25","","","","","","","00000000","","CRANBERRIES","CRANBERRIES, PROCESSING - PRODUCTION, MEASURED IN BARRELS","TOTAL","NOT SPECIFIED","1,421,000",""
"SURVEY","2007","YEAR","","STATE","MASSACHUSETTS","25","","","","","","","00000000","","CRANBERRIES","CRANBERRIES, UTILIZED - PRODUCTION, MEASURED IN $","TOTAL","NOT SPECIFIED","75,856,000",""
"SURVEY","2007","YEAR","","STATE","MASSACHUSETTS","25","","","","","","","00000000","","CRANBERRIES","CRANBERRIES, UTILIZED - PRODUCTION, MEASURED IN BARRELS","TOTAL","NOT SPECIFIED","1,522,000",""
"SURVEY","2006","MARKETING YEAR","","STATE","MASSACHUSETTS","25","","","","","","","00000000","","CRANBERRIES","CRANBERRIES - PRICE RECEIVED, MEASURED IN $ / BARREL","TOTAL","NOT SPECIFIED","41.3",""
"SURVEY","2006","MARKETING YEAR","","STATE","MASSACHUSETTS","25","","","","","","","00000000","","CRANBERRIES","CRANBERRIES, FRESH MARKET - PRICE RECEIVED, MEASURED IN $ / BARREL","TOTAL","NOT SPECIFIED","63.5",""
"SURVEY","2006","MARKETING YEAR","","STATE","MASSACHUSETTS","25","","","","","","","00000000","","CRANBERRIES","CRANBERRIES, PROCESSING - PRICE RECEIVED, MEASURED IN $ / BARREL","TOTAL","NOT SPECIFIED","39.3",""
"SURVEY","2005","MARKETING YEAR","","STATE","MASSACHUSETTS","25","","","","","","","00000000","","CRANBERRIES","CRANBERRIES - PRICE RECEIVED, MEASURED IN $ / BARREL","TOTAL","NOT SPECIFIED","35.6",""
"SURVEY","2005","MARKETING YEAR","","STATE","MASSACHUSETTS","25","","","","","","","00000000","","CRANBERRIES","CRANBERRIES, FRESH MARKET - PRICE RECEIVED, MEASURED IN $ / BARREL","TOTAL","NOT SPECIFIED","55.9",""
"SURVEY","2005","MARKETING YEAR","","STATE","MASSACHUSETTS","25","","","","","","","00000000","","CRANBERRIES","CRANBERRIES, PROCESSING - PRICE RECEIVED, MEASURED IN $ / BARREL","TOTAL","NOT SPECIFIED","33.7",""
"SURVEY","2004","MARKETING YEAR","","STATE","MASSACHUSETTS","25","","","","","","","00000000","","CRANBERRIES","CRANBERRIES - PRICE RECEIVED, MEASURED IN $ / BARREL","TOTAL","NOT SPECIFIED","32.6",""
"SURVEY","2004","MARKETING YEAR","","STATE","MASSACHUSETTS","25","","","","","","","00000000","","CRANBERRIES","CRANBERRIES, FRESH MARKET - PRICE RECEIVED, MEASURED IN $ / BARREL","TOTAL","NOT SPECIFIED","54.8",""
"SURVEY","2004","MARKETING YEAR","","STATE","MASSACHUSETTS","25","","","","","","","00000000","","CRANBERRIES","CRANBERRIES, PROCESSING - PRICE RECEIVED, MEASURED IN $ / BARREL","TOTAL","NOT SPECIFIED","30.6",""
"SURVEY","2003","MARKETING YEAR","","STATE","MASSACHUSETTS","25","","","","","","","00000000","","CRANBERRIES","CRANBERRIES - PRICE RECEIVED, MEASURED IN $ / BARREL","TOTAL","NOT SPECIFIED","34.1",""
"SURVEY","2003","MARKETING YEAR","","STATE","MASSACHUSETTS","25","","","","","","","00000000","","CRANBERRIES","CRANBERRIES, FRESH MARKET - PRICE RECEIVED, MEASURED IN $ / BARREL","TOTAL","NOT SPECIFIED","56.3",""
"SURVEY","2003","MARKETING YEAR","","STATE","MASSACHUSETTS","25","","","","","","","00000000","","CRANBERRIES","CRANBERRIES, PROCESSING - PRICE RECEIVED, MEASURED IN $ / BARREL","TOTAL","NOT SPECIFIED","32.3",""
"SURVEY","2002","MARKETING YEAR","","STATE","MASSACHUSETTS","25","","","","","","","00000000","","CRANBERRIES","CRANBERRIES - PRICE RECEIVED, MEASURED IN $ / BARREL","TOTAL","NOT SPECIFIED","32.8",""
"SURVEY","2002","MARKETING YEAR","","STATE","MASSACHUSETTS","25","","","","","","","00000000","","CRANBERRIES","CRANBERRIES, FRESH MARKET - PRICE RECEIVED, MEASURED IN $ / BARREL","TOTAL","NOT SPECIFIED","50.3",""
"SURVEY","2002","MARKETING YEAR","","STATE","MASSACHUSETTS","25","","","","","","","00000000","","CRANBERRIES","CRANBERRIES, PROCESSING - PRICE RECEIVED, MEASURED IN $ / BARREL","TOTAL","NOT SPECIFIED","30.7",""
"SURVEY","2001","MARKETING YEAR","","STATE","MASSACHUSETTS","25","","","","","","","00000000","","CRANBERRIES","CRANBERRIES - PRICE RECEIVED, MEASURED IN $ / BARREL","TOTAL","NOT SPECIFIED","24",""
"SURVEY","2001","MARKETING YEAR","","STATE","MASSACHUSETTS","25","","","","","","","00000000","","CRANBERRIES","CRANBERRIES, FRESH MARKET - PRICE RECEIVED, MEASURED IN $ / BARREL","TOTAL","NOT SPECIFIED","40.5",""
"SURVEY","2001","MARKETING YEAR","","STATE","MASSACHUSETTS","25","","","","","","","00000000","","CRANBERRIES","CRANBERRIES, PROCESSING - PRICE RECEIVED, MEASURED IN $ / BARREL","TOTAL","NOT SPECIFIED","21.6",""
"SURVEY","2000","MARKETING YEAR","","STATE","MASSACHUSETTS","25","","","","","","","00000000","","CRANBERRIES","CRANBERRIES - PRICE RECEIVED, MEASURED IN $ / BARREL","TOTAL","NOT SPECIFIED","19",""
"SURVEY","2000","MARKETING YEAR","","STATE","MASSACHUSETTS","25","","","","","","","00000000","","CRANBERRIES","CRANBERRIES, FRESH MARKET - PRICE RECEIVED, MEASURED IN $ / BARREL","TOTAL","NOT SPECIFIED","41.3",""
"SURVEY","2000","MARKETING YEAR","","STATE","MASSACHUSETTS","25","","","","","","","00000000","","CRANBERRIES","CRANBERRIES, PROCESSING - PRICE RECEIVED, MEASURED IN $ / BARREL","TOTAL","NOT SPECIFIED","16.2",""
"SURVEY","1999","MARKETING YEAR","","STATE","MASSACHUSETTS","25","","","","","","","00000000","","CRANBERRIES","CRANBERRIES - PRICE RECEIVED, MEASURED IN $ / BARREL","TOTAL","NOT SPECIFIED","16.2",""
"SURVEY","1998","MARKETING YEAR","","STATE","MASSACHUSETTS","25","","","","","","","00000000","","CRANBERRIES","CRANBERRIES - PRICE RECEIVED, MEASURED IN $ / BARREL","TOTAL","NOT SPECIFIED","30.8",""
"SURVEY","1997","MARKETING YEAR","","STATE","MASSACHUSETTS","25","","","","","","","00000000","","CRANBERRIES","CRANBERRIES - PRICE RECEIVED, MEASURED IN $ / BARREL","TOTAL","NOT SPECIFIED","66.2",""
"SURVEY","1996","MARKETING YEAR","","STATE","MASSACHUSETTS","25","","","","","","","00000000","","CRANBERRIES","CRANBERRIES - PRICE RECEIVED, MEASURED IN $ / BARREL","TOTAL","NOT SPECIFIED","70.9",""
"SURVEY","1995","MARKETING YEAR","","STATE","MASSACHUSETTS","25","","","","","","","00000000","","CRANBERRIES","CRANBERRIES - PRICE RECEIVED, MEASURED IN $ / BARREL","TOTAL","NOT SPECIFIED","54.3",""
"SURVEY","1994","MARKETING YEAR","","STATE","MASSACHUSETTS","25","","","","","","","00000000","","CRANBERRIES","CRANBERRIES - PRICE RECEIVED, MEASURED IN $ / BARREL","TOTAL","NOT SPECIFIED","50.6",""
"SURVEY","1993","MARKETING YEAR","","STATE","MASSACHUSETTS","25","","","","","","","00000000","","CRANBERRIES","CRANBERRIES - PRICE RECEIVED, MEASURED IN $ / BARREL","TOTAL","NOT SPECIFIED","51.8",""
"SURVEY","1992","MARKETING YEAR","","STATE","MASSACHUSETTS","25","","","","","","","00000000","","CRANBERRIES","CRANBERRIES - PRICE RECEIVED, MEASURED IN $ / BARREL","TOTAL","NOT SPECIFIED","53.6",""
"SURVEY","1991","MARKETING YEAR","","STATE","MASSACHUSETTS","25","","","","","","","00000000","","CRANBERRIES","CRANBERRIES - PRICE RECEIVED, MEASURED IN $ / BARREL","TOTAL","NOT SPECIFIED","49.8",""
"SURVEY","1990","MARKETING YEAR","","STATE","MASSACHUSETTS","25","","","","","","","00000000","","CRANBERRIES","CRANBERRIES - PRICE RECEIVED, MEASURED IN $ / BARREL","TOTAL","NOT SPECIFIED","47.6",""
"SURVEY","1989","MARKETING YEAR","","STATE","MASSACHUSETTS","25","","","","","","","00000000","","CRANBERRIES","CRANBERRIES - PRICE RECEIVED, MEASURED IN $ / BARREL","TOTAL","NOT SPECIFIED","45.7",""
"SURVEY","1988","MARKETING YEAR","","STATE","MASSACHUSETTS","25","","","","","","","00000000","","CRANBERRIES","CRANBERRIES - PRICE RECEIVED, MEASURED IN $ / BARREL","TOTAL","NOT SPECIFIED","46.3",""
"SURVEY","1987","MARKETING YEAR","","STATE","MASSACHUSETTS","25","","","","","","","00000000","","CRANBERRIES","CRANBERRIES - PRICE RECEIVED, MEASURED IN $ / BARREL","TOTAL","NOT SPECIFIED","44.4",""
"SURVEY","1986","MARKETING YEAR","","STATE","MASSACHUSETTS","25","","","","","","","00000000","","CRANBERRIES","CRANBERRIES - PRICE RECEIVED, MEASURED IN $ / BARREL","TOTAL","NOT SPECIFIED","44.8",""
"SURVEY","1985","MARKETING YEAR","","STATE","MASSACHUSETTS","25","","","","","","","00000000","","CRANBERRIES","CRANBERRIES - PRICE RECEIVED, MEASURED IN $ / BARREL","TOTAL","NOT SPECIFIED","46.6",""
"SURVEY","1984","MARKETING YEAR","","STATE","MASSACHUSETTS","25","","","","","","","00000000","","CRANBERRIES","CRANBERRIES - PRICE RECEIVED, MEASURED IN $ / BARREL","TOTAL","NOT SPECIFIED","46.8",""
"SURVEY","1983","MARKETING YEAR","","STATE","MASSACHUSETTS","25","","","","","","","00000000","","CRANBERRIES","CRANBERRIES - PRICE RECEIVED, MEASURED IN $ / BARREL","TOTAL","NOT SPECIFIED","45.5",""
"SURVEY","1982","MARKETING YEAR","","STATE","MASSACHUSETTS","25","","","","","","","00000000","","CRANBERRIES","CRANBERRIES - PRICE RECEIVED, MEASURED IN $ / BARREL","TOTAL","NOT SPECIFIED","40.9",""
"SURVEY","1981","MARKETING YEAR","","STATE","MASSACHUSETTS","25","","","","","","","00000000","","CRANBERRIES","CRANBERRIES - PRICE RECEIVED, MEASURED IN $ / BARREL","TOTAL","NOT SPECIFIED","41.5",""
"SURVEY","1980","MARKETING YEAR","","STATE","MASSACHUSETTS","25","","","","","","","00000000","","CRANBERRIES","CRANBERRIES - PRICE RECEIVED, MEASURED IN $ / BARREL","TOTAL","NOT SPECIFIED","33.5",""
"SURVEY","1979","MARKETING YEAR","","STATE","MASSACHUSETTS","25","","","","","","","00000000","","CRANBERRIES","CRANBERRIES - PRICE RECEIVED, MEASURED IN $ / BARREL","TOTAL","NOT SPECIFIED","26.6",""
"SURVEY","1978","MARKETING YEAR","","STATE","MASSACHUSETTS","25","","","","","","","00000000","","CRANBERRIES","CRANBERRIES - PRICE RECEIVED, MEASURED IN $ / BARREL","TOTAL","NOT SPECIFIED","21.6",""
"SURVEY","1977","MARKETING YEAR","","STATE","MASSACHUSETTS","25","","","","","","","00000000","","CRANBERRIES","CRANBERRIES - PRICE RECEIVED, MEASURED IN $ / BARREL","TOTAL","NOT SPECIFIED","17.7",""
"SURVEY","1976","MARKETING YEAR","","STATE","MASSACHUSETTS","25","","","","","","","00000000","","CRANBERRIES","CRANBERRIES - PRICE RECEIVED, MEASURED IN $ / BARREL","TOTAL","NOT SPECIFIED","13.4",""
"SURVEY","1975","MARKETING YEAR","","STATE","MASSACHUSETTS","25","","","","","","","00000000","","CRANBERRIES","CRANBERRIES - PRICE RECEIVED, MEASURED IN $ / BARREL","TOTAL","NOT SPECIFIED","13",""
"SURVEY","1974","MARKETING YEAR","","STATE","MASSACHUSETTS","25","","","","","","","00000000","","CRANBERRIES","CRANBERRIES - PRICE RECEIVED, MEASURED IN $ / BARREL","TOTAL","NOT SPECIFIED","10.7",""
"SURVEY","1973","MARKETING YEAR","","STATE","MASSACHUSETTS","25","","","","","","","00000000","","CRANBERRIES","CRANBERRIES - PRICE RECEIVED, MEASURED IN $ / BARREL","TOTAL","NOT SPECIFIED","13.6",""
"SURVEY","1972","MARKETING YEAR","","STATE","MASSACHUSETTS","25","","","","","","","00000000","","CRANBERRIES","CRANBERRIES - PRICE RECEIVED, MEASURED IN $ / BARREL","TOTAL","NOT SPECIFIED","12.6",""
"SURVEY","1971","MARKETING YEAR","","STATE","MASSACHUSETTS","25","","","","","","","00000000","","CRANBERRIES","CRANBERRIES - PRICE RECEIVED, MEASURED IN $ / BARREL","TOTAL","NOT SPECIFIED","10.7",""
"SURVEY","1970","MARKETING YEAR","","STATE","MASSACHUSETTS","25","","","","","","","00000000","","CRANBERRIES","CRANBERRIES - PRICE RECEIVED, MEASURED IN $ / BARREL","TOTAL","NOT SPECIFIED","10.7",""
"SURVEY","1969","MARKETING YEAR","","STATE","MASSACHUSETTS","25","","","","","","","00000000","","CRANBERRIES","CRANBERRIES - PRICE RECEIVED, MEASURED IN $ / BARREL","TOTAL","NOT SPECIFIED","15.4",""
"SURVEY","1968","MARKETING YEAR","","STATE","MASSACHUSETTS","25","","","","","","","00000000","","CRANBERRIES","CRANBERRIES - PRICE RECEIVED, MEASURED IN $ / BARREL","TOTAL","NOT SPECIFIED","15.4",""
"SURVEY","1967","MARKETING YEAR","","STATE","MASSACHUSETTS","25","","","","","","","00000000","","CRANBERRIES","CRANBERRIES - PRICE RECEIVED, MEASURED IN $ / BARREL","TOTAL","NOT SPECIFIED","14.9",""
"SURVEY","1966","MARKETING YEAR","","STATE","MASSACHUSETTS","25","","","","","","","00000000","","CRANBERRIES","CRANBERRIES - PRICE RECEIVED, MEASURED IN $ / BARREL","TOTAL","NOT SPECIFIED","15.2",""
"SURVEY","1965","MARKETING YEAR","","STATE","MASSACHUSETTS","25","","","","","","","00000000","","CRANBERRIES","CRANBERRIES - PRICE RECEIVED, MEASURED IN $ / BARREL","TOTAL","NOT SPECIFIED","15.6",""
"SURVEY","1964","MARKETING YEAR","","STATE","MASSACHUSETTS","25","","","","","","","00000000","","CRANBERRIES","CRANBERRIES - PRICE RECEIVED, MEASURED IN $ / BARREL","TOTAL","NOT SPECIFIED","14.4",""
"SURVEY","1963","MARKETING YEAR","","STATE","MASSACHUSETTS","25","","","","","","","00000000","","CRANBERRIES","CRANBERRIES - PRICE RECEIVED, MEASURED IN $ / BARREL","TOTAL","NOT SPECIFIED","12.1",""
"SURVEY","1962","MARKETING YEAR","","STATE","MASSACHUSETTS","25","","","","","","","00000000","","CRANBERRIES","CRANBERRIES - PRICE RECEIVED, MEASURED IN $ / BARREL","TOTAL","NOT SPECIFIED","11.7",""
"SURVEY","1961","MARKETING YEAR","","STATE","MASSACHUSETTS","25","","","","","","","00000000","","CRANBERRIES","CRANBERRIES - PRICE RECEIVED, MEASURED IN $ / BARREL","TOTAL","NOT SPECIFIED","8.61",""
"SURVEY","1960","MARKETING YEAR","","STATE","MASSACHUSETTS","25","","","","","","","00000000","","CRANBERRIES","CRANBERRIES - PRICE RECEIVED, MEASURED IN $ / BARREL","TOTAL","NOT SPECIFIED","8.8",""
"SURVEY","1959","MARKETING YEAR","","STATE","MASSACHUSETTS","25","","","","","","","00000000","","CRANBERRIES","CRANBERRIES - PRICE RECEIVED, MEASURED IN $ / BARREL","TOTAL","NOT SPECIFIED","9.2",""
"SURVEY","1958","MARKETING YEAR","","STATE","MASSACHUSETTS","25","","","","","","","00000000","","CRANBERRIES","CRANBERRIES - PRICE RECEIVED, MEASURED IN $ / BARREL","TOTAL","NOT SPECIFIED","11.6",""
"SURVEY","1957","MARKETING YEAR","","STATE","MASSACHUSETTS","25","","","","","","","00000000","","CRANBERRIES","CRANBERRIES - PRICE RECEIVED, MEASURED IN $ / BARREL","TOTAL","NOT SPECIFIED","11",""
"SURVEY","1956","MARKETING YEAR","","STATE","MASSACHUSETTS","25","","","","","","","00000000","","CRANBERRIES","CRANBERRIES - PRICE RECEIVED, MEASURED IN $ / BARREL","TOTAL","NOT SPECIFIED","8.9",""
"SURVEY","1955","MARKETING YEAR","","STATE","MASSACHUSETTS","25","","","","","","","00000000","","CRANBERRIES","CRANBERRIES - PRICE RECEIVED, MEASURED IN $ / BARREL","TOTAL","NOT SPECIFIED","8.6",""
"SURVEY","1954","MARKETING YEAR","","STATE","MASSACHUSETTS","25","","","","","","","00000000","","CRANBERRIES","CRANBERRIES - PRICE RECEIVED, MEASURED IN $ / BARREL","TOTAL","NOT SPECIFIED","10.7",""
"SURVEY","1953","MARKETING YEAR","","STATE","MASSACHUSETTS","25","","","","","","","00000000","","CRANBERRIES","CRANBERRIES - PRICE RECEIVED, MEASURED IN $ / BARREL","TOTAL","NOT SPECIFIED","12.5",""
"SURVEY","1952","MARKETING YEAR","","STATE","MASSACHUSETTS","25","","","","","","","00000000","","CRANBERRIES","CRANBERRIES - PRICE RECEIVED, MEASURED IN $ / BARREL","TOTAL","NOT SPECIFIED","16.4",""
"SURVEY","1951","MARKETING YEAR","","STATE","MASSACHUSETTS","25","","","","","","","00000000","","CRANBERRIES","CRANBERRIES - PRICE RECEIVED, MEASURED IN $ / BARREL","TOTAL","NOT SPECIFIED","12.3",""
"SURVEY","1950","MARKETING YEAR","","STATE","MASSACHUSETTS","25","","","","","","","00000000","","CRANBERRIES","CRANBERRIES - PRICE RECEIVED, MEASURED IN $ / BARREL","TOTAL","NOT SPECIFIED","6.7",""
"SURVEY","1949","MARKETING YEAR","","STATE","MASSACHUSETTS","25","","","","","","","00000000","","CRANBERRIES","CRANBERRIES - PRICE RECEIVED, MEASURED IN $ / BARREL","TOTAL","NOT SPECIFIED","5.8",""
"SURVEY","1948","MARKETING YEAR","","STATE","MASSACHUSETTS","25","","","","","","","00000000","","CRANBERRIES","CRANBERRIES - PRICE RECEIVED, MEASURED IN $ / BARREL","TOTAL","NOT SPECIFIED","9.9",""
"SURVEY","1947","MARKETING YEAR","","STATE","MASSACHUSETTS","25","","","","","","","00000000","","CRANBERRIES","CRANBERRIES - PRICE RECEIVED, MEASURED IN $ / BARREL","TOTAL","NOT SPECIFIED","17.2",""
"SURVEY","1946","MARKETING YEAR","","STATE","MASSACHUSETTS","25","","","","","","","00000000","","CRANBERRIES","CRANBERRIES - PRICE RECEIVED, MEASURED IN $ / BARREL","TOTAL","NOT SPECIFIED","31.4",""
"SURVEY","1945","MARKETING YEAR","","STATE","MASSACHUSETTS","25","","","","","","","00000000","","CRANBERRIES","CRANBERRIES - PRICE RECEIVED, MEASURED IN $ / BARREL","TOTAL","NOT SPECIFIED","21",""
"SURVEY","1944","MARKETING YEAR","","STATE","MASSACHUSETTS","25","","","","","","","00000000","","CRANBERRIES","CRANBERRIES - PRICE RECEIVED, MEASURED IN $ / BARREL","TOTAL","NOT SPECIFIED","24.6",""
"SURVEY","1943","MARKETING YEAR","","STATE","MASSACHUSETTS","25","","","","","","","00000000","","CRANBERRIES","CRANBERRIES - PRICE RECEIVED, MEASURED IN $ / BARREL","TOTAL","NOT SPECIFIED","16.2",""
"SURVEY","1942","MARKETING YEAR","","STATE","MASSACHUSETTS","25","","","","","","","00000000","","CRANBERRIES","CRANBERRIES - PRICE RECEIVED, MEASURED IN $ / BARREL","TOTAL","NOT SPECIFIED","12.1",""
"SURVEY","1941","MARKETING YEAR","","STATE","MASSACHUSETTS","25","","","","","","","00000000","","CRANBERRIES","CRANBERRIES - PRICE RECEIVED, MEASURED IN $ / BARREL","TOTAL","NOT SPECIFIED","11.6",""
"SURVEY","1940","MARKETING YEAR","","STATE","MASSACHUSETTS","25","","","","","","","00000000","","CRANBERRIES","CRANBERRIES - PRICE RECEIVED, MEASURED IN $ / BARREL","TOTAL","NOT SPECIFIED","12.7",""
"SURVEY","1939","MARKETING YEAR","","STATE","MASSACHUSETTS","25","","","","","","","00000000","","CRANBERRIES","CRANBERRIES - PRICE RECEIVED, MEASURED IN $ / BARREL","TOTAL","NOT SPECIFIED","10",""
"SURVEY","1938","MARKETING YEAR","","STATE","MASSACHUSETTS","25","","","","","","","00000000","","CRANBERRIES","CRANBERRIES - PRICE RECEIVED, MEASURED IN $ / BARREL","TOTAL","NOT SPECIFIED","10.9",""
"SURVEY","1937","MARKETING YEAR","","STATE","MASSACHUSETTS","25","","","","","","","00000000","","CRANBERRIES","CRANBERRIES - PRICE RECEIVED, MEASURED IN $ / BARREL","TOTAL","NOT SPECIFIED","8.2",""
"SURVEY","1936","MARKETING YEAR","","STATE","MASSACHUSETTS","25","","","","","","","00000000","","CRANBERRIES","CRANBERRIES - PRICE RECEIVED, MEASURED IN $ / BARREL","TOTAL","NOT SPECIFIED","13.2",""
"SURVEY","1935","MARKETING YEAR","","STATE","MASSACHUSETTS","25","","","","","","","00000000","","CRANBERRIES","CRANBERRIES - PRICE RECEIVED, MEASURED IN $ / BARREL","TOTAL","NOT SPECIFIED","11.85",""
"SURVEY","1934","MARKETING YEAR","","STATE","MASSACHUSETTS","25","","","","","","","00000000","","CRANBERRIES","CRANBERRIES - PRICE RECEIVED, MEASURED IN $ / BARREL","TOTAL","NOT SPECIFIED","11.3",""
"SURVEY","1933","MARKETING YEAR","","STATE","MASSACHUSETTS","25","","","","","","","00000000","","CRANBERRIES","CRANBERRIES - PRICE RECEIVED, MEASURED IN $ / BARREL","TOTAL","NOT SPECIFIED","6.3",""
"SURVEY","1932","MARKETING YEAR","","STATE","MASSACHUSETTS","25","","","","","","","00000000","","CRANBERRIES","CRANBERRIES - PRICE RECEIVED, MEASURED IN $ / BARREL","TOTAL","NOT SPECIFIED","7.7",""
"SURVEY","1931","MARKETING YEAR","","STATE","MASSACHUSETTS","25","","","","","","","00000000","","CRANBERRIES","CRANBERRIES - PRICE RECEIVED, MEASURED IN $ / BARREL","TOTAL","NOT SPECIFIED","6.5",""
"SURVEY","1930","MARKETING YEAR","","STATE","MASSACHUSETTS","25","","","","","","","00000000","","CRANBERRIES","CRANBERRIES - PRICE RECEIVED, MEASURED IN $ / BARREL","TOTAL","NOT SPECIFIED","10.9",""
"SURVEY","1929","MARKETING YEAR","","STATE","MASSACHUSETTS","25","","","","","","","00000000","","CRANBERRIES","CRANBERRIES - PRICE RECEIVED, MEASURED IN $ / BARREL","TOTAL","NOT SPECIFIED","13.4",""
"SURVEY","1928","MARKETING YEAR","","STATE","MASSACHUSETTS","25","","","","","","","00000000","","CRANBERRIES","CRANBERRIES - PRICE RECEIVED, MEASURED IN $ / BARREL","TOTAL","NOT SPECIFIED","14.4",""
"SURVEY","1927","MARKETING YEAR","","STATE","MASSACHUSETTS","25","","","","","","","00000000","","CRANBERRIES","CRANBERRIES - PRICE RECEIVED, MEASURED IN $ / BARREL","TOTAL","NOT SPECIFIED","12.8",""
"SURVEY","1926","MARKETING YEAR","","STATE","MASSACHUSETTS","25","","","","","","","00000000","","CRANBERRIES","CRANBERRIES - PRICE RECEIVED, MEASURED IN $ / BARREL","TOTAL","NOT SPECIFIED","7.2",""
"SURVEY","1925","MARKETING YEAR","","STATE","MASSACHUSETTS","25","","","","","","","00000000","","CRANBERRIES","CRANBERRIES - PRICE RECEIVED, MEASURED IN $ / BARREL","TOTAL","NOT SPECIFIED","10.9",""
"SURVEY","1924","MARKETING YEAR","","STATE","MASSACHUSETTS","25","","","","","","","00000000","","CRANBERRIES","CRANBERRIES - PRICE RECEIVED, MEASURED IN $ / BARREL","TOTAL","NOT SPECIFIED","10",""
"SURVEY","1923","MARKETING YEAR","","STATE","MASSACHUSETTS","25","","","","","","","00000000","","CRANBERRIES","CRANBERRIES - PRICE RECEIVED, MEASURED IN $ / BARREL","TOTAL","NOT SPECIFIED","7.9",""
"SURVEY","1922","MARKETING YEAR","","STATE","MASSACHUSETTS","25","","","","","","","00000000","","CRANBERRIES","CRANBERRIES - PRICE RECEIVED, MEASURED IN $ / BARREL","TOTAL","NOT SPECIFIED","10.5",""
"SURVEY","1921","MARKETING YEAR","","STATE","MASSACHUSETTS","25","","","","","","","00000000","","CRANBERRIES","CRANBERRIES - PRICE RECEIVED, MEASURED IN $ / BARREL","TOTAL","NOT SPECIFIED","12.9",""
"SURVEY","1920","MARKETING YEAR","","STATE","MASSACHUSETTS","25","","","","","","","00000000","","CRANBERRIES","CRANBERRIES - PRICE RECEIVED, MEASURED IN $ / BARREL","TOTAL","NOT SPECIFIED","10.3",""
"SURVEY","1919","MARKETING YEAR","","STATE","MASSACHUSETTS","25","","","","","","","00000000","","CRANBERRIES","CRANBERRIES - PRICE RECEIVED, MEASURED IN $ / BARREL","TOTAL","NOT SPECIFIED","7.9",""
"SURVEY","1918","MARKETING YEAR","","STATE","MASSACHUSETTS","25","","","","","","","00000000","","CRANBERRIES","CRANBERRIES - PRICE RECEIVED, MEASURED IN $ / BARREL","TOTAL","NOT SPECIFIED","8.7",""
"SURVEY","1917","MARKETING YEAR","","STATE","MASSACHUSETTS","25","","","","","","","00000000","","CRANBERRIES","CRANBERRIES - PRICE RECEIVED, MEASURED IN $ / BARREL","TOTAL","NOT SPECIFIED","10",""
"SURVEY","1916","MARKETING YEAR","","STATE","MASSACHUSETTS","25","","","","","","","00000000","","CRANBERRIES","CRANBERRIES - PRICE RECEIVED, MEASURED IN $ / BARREL","TOTAL","NOT SPECIFIED","6.5",""
"SURVEY","1915","MARKETING YEAR","","STATE","MASSACHUSETTS","25","","","","","","","00000000","","CRANBERRIES","CRANBERRIES - PRICE RECEIVED, MEASURED IN $ / BARREL","TOTAL","NOT SPECIFIED","6.4",""
"SURVEY","1914","MARKETING YEAR","","STATE","MASSACHUSETTS","25","","","","","","","00000000","","CRANBERRIES","CRANBERRIES - PRICE RECEIVED, MEASURED IN $ / BARREL","TOTAL","NOT SPECIFIED","4",""
"SURVEY","1913","MARKETING YEAR","","STATE","MASSACHUSETTS","25","","","","","","","00000000","","CRANBERRIES","CRANBERRIES - PRICE RECEIVED, MEASURED IN $ / BARREL","TOTAL","NOT SPECIFIED","6.2",""
"SURVEY","1912","MARKETING YEAR","","STATE","MASSACHUSETTS","25","","","","","","","00000000","","CRANBERRIES","CRANBERRIES - PRICE RECEIVED, MEASURED IN $ / BARREL","TOTAL","NOT SPECIFIED","6.5",""
"SURVEY","1911","MARKETING YEAR","","STATE","MASSACHUSETTS","25","","","","","","","00000000","","CRANBERRIES","CRANBERRIES - PRICE RECEIVED, MEASURED IN $ / BARREL","TOTAL","NOT SPECIFIED","6.9",""
"SURVEY","1910","MARKETING YEAR","","STATE","MASSACHUSETTS","25","","","","","","","00000000","","CRANBERRIES","CRANBERRIES - PRICE RECEIVED, MEASURED IN $ / BARREL","TOTAL","NOT SPECIFIED","5.6",""
"SURVEY","1909","MARKETING YEAR","","STATE","MASSACHUSETTS","25","","","","","","","00000000","","CRANBERRIES","CRANBERRIES - PRICE RECEIVED, MEASURED IN $ / BARREL","TOTAL","NOT SPECIFIED","5.3",""
"SURVEY","1908","MARKETING YEAR","","STATE","MASSACHUSETTS","25","","","","","","","00000000","","CRANBERRIES","CRANBERRIES - PRICE RECEIVED, MEASURED IN $ / BARREL","TOTAL","NOT SPECIFIED","7.5",""
"SURVEY","1907","MARKETING YEAR","","STATE","MASSACHUSETTS","25","","","","","","","00000000","","CRANBERRIES","CRANBERRIES - PRICE RECEIVED, MEASURED IN $ / BARREL","TOTAL","NOT SPECIFIED","6.3",""
"SURVEY","1906","MARKETING YEAR","","STATE","MASSACHUSETTS","25","","","","","","","00000000","","CRANBERRIES","CRANBERRIES - PRICE RECEIVED, MEASURED IN $ / BARREL","TOTAL","NOT SPECIFIED","6.3",""
"SURVEY","1905","MARKETING YEAR","","STATE","MASSACHUSETTS","25","","","","","","","00000000","","CRANBERRIES","CRANBERRIES - PRICE RECEIVED, MEASURED IN $ / BARREL","TOTAL","NOT SPECIFIED","7.5",""
"SURVEY","1904","MARKETING YEAR","","STATE","MASSACHUSETTS","25","","","","","","","00000000","","CRANBERRIES","CRANBERRIES - PRICE RECEIVED, MEASURED IN $ / BARREL","TOTAL","NOT SPECIFIED","5",""
"SURVEY","1903","MARKETING YEAR","","STATE","MASSACHUSETTS","25","","","","","","","00000000","","CRANBERRIES","CRANBERRIES - PRICE RECEIVED, MEASURED IN $ / BARREL","TOTAL","NOT SPECIFIED","6",""
"SURVEY","1902","MARKETING YEAR","","STATE","MASSACHUSETTS","25","","","","","","","00000000","","CRANBERRIES","CRANBERRIES - PRICE RECEIVED, MEASURED IN $ / BARREL","TOTAL","NOT SPECIFIED","6.2",""
"SURVEY","1901","MARKETING YEAR","","STATE","MASSACHUSETTS","25","","","","","","","00000000","","CRANBERRIES","CRANBERRIES - PRICE RECEIVED, MEASURED IN $ / BARREL","TOTAL","NOT SPECIFIED","5.5",""
"SURVEY","1900","MARKETING YEAR","","STATE","MASSACHUSETTS","25","","","","","","","00000000","","CRANBERRIES","CRANBERRIES - PRICE RECEIVED, MEASURED IN $ / BARREL","TOTAL","NOT SPECIFIED","6.5",""
